"	Email",Address,Avatar,Time on App,Time on Website,Length of Membership,Yearly Amount Spent,City,State,ZIP Code,Address Type,avgtime,Estimated total spending
mstephenson@fernandez.com,"835 Frank TunnelWrightmouth, MI 82180-9605",Violet,12.66,39.58,4.08,587.95,Frank TunnelWrightmouth,MI,82180-9605,Standard,26.12,2398.836
hduke@hotmail.com,"4547 Archer CommonDiazchester, CA 06566-8576",DarkGreen,11.11,37.27,2.66,392.2,Archer CommonDiazchester,CA,06566-8576,Standard,24.19,1043.252
pallen@yahoo.com,"24645 Valerie Unions Suite 582Cobbborough, DC 99414-7564",Bisque,11.33,37.11,4.1,487.55,Cobbborough,DC,99414-7564,Standard,24.22,1998.955
riverarebecca@gmail.com,"1414 David ThroughwayPort Jason, OH 22070-1220",SaddleBrown,13.72,36.72,3.12,581.85,David ThroughwayPort Jason,OH,22070-1220,Standard,25.22,1815.372
mstephens@davidson-herman.com,"14023 Rodriguez PassagePort Jacobville, PR 37242-1057",MediumAquaMarine,12.8,37.54,4.45,599.41,Rodriguez PassagePort Jacobville,PR,37242-1057,Standard,25.17,2667.3745
alvareznancy@lucas.biz,"645 Martha Park Apt. 611Jeffreychester, MN 67218-7250",FloralWhite,12.03,34.48,5.49,637.1,Jeffreychester,MN,67218-7250,Standard,23.255,3497.679
katherine20@yahoo.com,"68388 Reyes Lights Suite 692Josephbury, WV 92213-0247",DarkSlateBlue,11.37,36.68,4.69,521.57,Josephbury,WV,92213-0247,Standard,24.025,2446.1633
awatkins@yahoo.com,Unit 6538 Box 8980DPO AP 09026-4941,Aqua,12.35,37.37,4.43,549.9,Classified,,,Military,24.86,2436.057
vchurch@walter-martinez.com,"860 Lee KeyWest Debra, SD 97450-0495",Salmon,13.39,37.53,3.27,570.2,Lee KeyWest Debra,SD,97450-0495,Standard,25.46,1864.554
bonnie69@lin.biz,"PSC 2734, Box 5255APO AA 98456-7482",Brown,11.81,37.15,3.2,427.2,Classified,,,Military,24.48,1367.04
andrew06@peterson.com,"26104 Alexander GrovesAlexandriaport, WY 28244-9149",Tomato,13.34,37.23,2.48,492.61,Alexander GrovesAlexandriaport,WY,28244-9149,Standard,25.285,1221.6728
ryanwerner@freeman.biz,Unit 2413 Box 0347DPO AA 07580-2652,Tomato,11.58,37.09,3.71,522.34,Classified,,,Military,24.335,1937.8814
knelson@gmail.com,"6705 Miller Orchard Suite 186Lake Shanestad, MO 75696-5051",RoyalBlue,10.96,37.42,4.05,408.64,Lake Shanestad,MO,75696-5051,Standard,24.19,1654.992
wrightpeter@yahoo.com,"05302 Dunlap FerryNew Stephaniehaven, MP 42268",Bisque,12.96,36.14,3.92,573.42,Dunlap FerryNew Stephaniehaven,MP,42268,Standard,24.55,2247.8064
taylormason@gmail.com,"7773 Powell Springs Suite 190Samanthaland, ND 44358",DarkBlue,13.15,36.62,2.49,470.45,Samanthaland,ND,44358,Standard,24.885,1171.4205
jstark@anderson.com,"49558 Ramirez Road Suite 399Phillipstad, OH 35641-3238",Peru,12.64,36.21,3.36,461.78,Phillipstad,OH,35641-3238,Standard,24.425,1551.5808
wjennings@gmail.com,"6362 Wilson MountainJohnsonfurt, GA 15169",PowderBlue,11.73,34.89,3.14,457.85,Wilson MountainJohnsonfurt,GA,15169,Standard,23.31,1437.649
rebecca45@hale-bauer.biz,"8982 Burton RowWilsonton, PW 88606",OliveDrab,12.01,38.39,2.42,407.7,Burton RowWilsonton,PW,88606,Standard,25.2,986.634
alejandro75@hotmail.com,"64475 Andre Club Apt. 795Port Dannytown, PW 63227",Cyan,14.72,38.24,1.52,452.32,Port Dannytown,PW,63227,Standard,26.48,687.5264
samuel46@love-west.net,"544 Alexander Heights Suite 768North Johnview, MT 57912",LightSeaGreen,13.99,37.19,4.06,605.06,North Johnview,MT,57912,Standard,25.59,2456.5436
megan33@gmail.com,"84426 Julia VistaNorth Teresa, KY 50756",PeachPuff,11.37,37.61,4.6,534.71,Julia VistaNorth Teresa,KY,50756,Standard,24.49,2459.666
agolden@yahoo.com,"PSC 2490, Box 2120APO AE 15445-2876",Black,12.88,37.44,1.56,419.94,Classified,,,Military,25.16,655.1064
vstafford@hotmail.com,"PSC 5723, Box 8159APO AA 74738",Olive,13.38,38.73,2.25,436.52,Classified,,,Military,26.055,982.17
denise22@hernandez-townsend.com,USNS CardenasFPO AA 85439-9449,Silver,11.66,36.77,3.92,519.34,Classified,,,Military,24.215,2035.8128
youngbarbara@yahoo.com,"019 Elliott Tunnel Suite 190Nicholsbury, WV 60804-4440",Wheat,12.89,37.64,5.71,700.92,Nicholsbury,WV,60804-4440,Standard,25.265,4002.2532
william25@mcconnell.com,"9495 Mary Fall Apt. 777Glassport, ND 17957-5596",Teal,11.77,37.74,2.72,423.18,Glassport,ND,17957-5596,Standard,24.755,1151.0496
ijones@schaefer-carr.net,"657 Judith CrossroadHancockchester, VI 75658-5788",Linen,12.78,36.43,4.65,619.9,Judith CrossroadHancockchester,VI,75658-5788,Standard,24.605,2882.535
heatherhall@yahoo.com,"8522 Regina Port Suite 782Port Kaitlin, TX 50501-7264",MediumSlateBlue,13.01,37.85,3,486.84,Port Kaitlin,TX,50501-7264,Standard,25.43,1460.52
tinasmith@martinez.info,"40000 Ann Port Suite 474Youngberg, MS 03651",LemonChiffon,11.98,35.29,3.92,529.54,Youngberg,MS,3651,Standard,23.635,2075.7968
chasejennifer@hotmail.com,"9507 Robert Prairie Apt. 601East Crystalview, SC 56814",DarkOrchid,11.97,37.28,4.74,554.72,East Crystalview,SC,56814,Standard,24.625,2629.3728
jenniferbarnett@gmail.com,"0772 Michael Isle Suite 617Meyerstown, WA 45449-6768",SeaGreen,12.31,36.16,3.06,497.59,Meyerstown,WA,45449-6768,Standard,24.235,1522.6254
jared39@hotmail.com,"739 David Isle Suite 818Chandlertown, DC 34587",SteelBlue,10.87,35.62,3.47,447.69,Chandlertown,DC,34587,Standard,23.245,1553.4843
briancarlson@page-fleming.com,USCGC GillFPO AA 26496,DarkMagenta,13.39,35.69,4.34,588.71,Classified,,,Military,24.54,2555.0014
joshuaodom@gmail.com,"5277 Patel BrookEast Audrey, NJ 19075",DarkGoldenRod,13.1,38.88,2.82,491.07,Patel BrookEast Audrey,NJ,19075,Standard,25.99,1384.8174
vickie90@lee-wilson.com,"9135 Rodriguez DamRamirezberg, MS 77223",DarkSeaGreen,11.63,35.37,4.12,507.44,Rodriguez DamRamirezberg,MS,77223,Standard,23.5,2090.6528
duane56@hotmail.com,"24373 Mcgee Drive Apt. 990New Mariahaven, NH 14470",Gainsboro,11.94,38.77,3.65,521.88,New Mariahaven,NH,14470,Standard,25.355,1904.862
enash@gmail.com,"997 Campbell Flat Suite 970East Amanda, PW 22048",HotPink,11.76,36.77,1.85,347.78,East Amanda,PW,22048,Standard,24.265,643.393
sandraharrison@bailey-gordon.net,"7835 Rogers RoadsEast Amberhaven, MI 70835-2286",LightSeaGreen,11.98,37.04,3.45,490.74,Rogers RoadsEast Amberhaven,MI,70835-2286,Standard,24.51,1693.053
cunninghamwilliam@hotmail.com,"4589 Dan FordsBeasleyburgh, ME 96590-8272",HoneyDew,9.95,37.39,4.65,478.17,Dan FordsBeasleyburgh,ME,96590-8272,Standard,23.67,2223.4905
teresaallen@hill-leach.info,"1958 Robert Bridge Apt. 250Malloryland, ID 03393-5336",WhiteSmoke,12.49,36.37,4.22,537.85,Malloryland,ID,03393-5336,Standard,24.43,2269.727
rhonda96@little.org,"2977 Perez RowLake Jack, TN 45336-9436",GhostWhite,11.73,37.53,4.67,532.75,Perez RowLake Jack,TN,45336-9436,Standard,24.63,2487.9425
lisacabrera@yahoo.com,"9801 Thomas Pike Suite 058Brandishire, AK 88122-1314",DarkSlateBlue,10.63,37.5,4.65,501.87,Brandishire,AK,88122-1314,Standard,24.065,2333.6955
jasonrichardson@elliott.com,"18372 Matthew Fork Suite 705North Matthewmouth, KY 99737",Chocolate,12.51,37.14,4.21,591.2,North Matthewmouth,KY,99737,Standard,24.825,2488.952
hoovernicole@dorsey.net,"69403 Hernandez KnollsMarciashire, DE 36417-5667",HoneyDew,11.53,36.89,4.64,547.24,Hernandez KnollsMarciashire,DE,36417-5667,Standard,24.21,2539.1936
christopher20@gmail.com,USNV FullerFPO AE 32122-5711,Snow,13.41,36.11,2.26,448.23,Classified,,,Military,24.76,1012.9998
brianwilson@yahoo.com,"448 Stewart DivideNew Ashleyfort, FM 84050",BurlyWood,12.17,39.13,3.66,549.86,Stewart DivideNew Ashleyfort,FM,84050,Standard,25.65,2012.4876
gonzaleskatie@gmail.com,"70129 Darrell SpringThomasmouth, HI 39319-2739",Moccasin,13.15,37.34,3.88,593.92,Darrell SpringThomasmouth,HI,39319-2739,Standard,25.245,2304.4096
lsmith@chung.com,"412 Jackson RiverKleinburgh, KS 52039-7404",BlueViolet,12.99,36.46,4.11,563.67,Jackson RiverKleinburgh,KS,52039-7404,Standard,24.725,2316.6837
dongarcia@hotmail.com,"546 Benjamin Lights Suite 421Romerofurt, NC 43746-4501",MediumBlue,11.86,36.58,3.2,479.73,Romerofurt,NC,43746-4501,Standard,24.22,1535.136
kimberly46@garcia-nelson.biz,"4066 Gonzalez Dam Apt. 277West Jessica, TN 36880",GreenYellow,11.4,36.59,3.2,416.36,West Jessica,TN,36880,Standard,23.995,1332.352
william82@gmail.com,"11143 Park SquaresSamanthatown, UT 97073",SandyBrown,13.86,37.78,5.98,725.58,Park SquaresSamanthatown,UT,97073,Standard,25.82,4338.9684
brenda82@maldonado-gonzalez.net,"645 Elizabeth PassWilliamview, MS 51544",MediumVioletRed,10.96,37.27,2.95,442.67,Elizabeth PassWilliamview,MS,51544,Standard,24.115,1305.8765
josephgould@west.info,"861 Annette Stream Suite 771North Miguel, CA 33824-1610",DarkBlue,10.32,37.45,2.09,384.63,North Miguel,CA,33824-1610,Standard,23.885,803.8767
wbrady@yahoo.com,"044 Riggs ExpresswayLake Stevenchester, AL 22283",SandyBrown,9.98,35.93,3.86,451.46,Riggs ExpresswayLake Stevenchester,AL,22283,Standard,22.955,1742.6356
smithtracey@mcgee.com,"PSC 4508, Box 7961APO AA 55271-2375",DarkOliveGreen,12.65,38.47,2.87,522.4,Classified,,,Military,25.56,1499.288
amberchase@fowler.info,"1867 Gregory Isle Suite 022Port Tammy, LA 52305-9696",GreenYellow,11.59,35.25,3.39,483.67,Port Tammy,LA,52305-9696,Standard,23.42,1639.6413
gregoryholmes@hotmail.com,"2891 Martin Plain Suite 197Melaniestad, NE 65650-8529",DarkSalmon,13.76,39.25,3,520.9,Melaniestad,NE,65650-8529,Standard,26.505,1562.7
jeffreydawson@gmail.com,"9944 Trevor ExpresswayRobinsonstad, OR 34630-1840",DarkSeaGreen,10.57,36.17,3.32,453.17,Trevor ExpresswayRobinsonstad,OR,34630-1840,Standard,23.37,1504.5244
rjohns@gmail.com,"264 Derek Dam Apt. 680West Danielle, SD 91517-8611",DeepPink,11.83,36.81,3.47,496.65,West Danielle,SD,91517-8611,Standard,24.32,1723.3755
john85@martin-morgan.com,USNV ReeseFPO AA 73568-0730,Olive,12.06,37.27,3.97,547.37,Classified,,,Military,24.665,2173.0589
vcoleman@yahoo.com,"7761 Hughes Curve Apt. 880Rodriguezberg, MN 96206-5317",SkyBlue,12.5,38.05,4.64,616.85,Rodriguezberg,MN,96206-5317,Standard,25.275,2862.184
floresarthur@yahoo.com,"12612 Johnson Skyway Suite 764Jessicaville, CT 14968-6590",Magenta,9.61,36.49,5.08,507.21,Jessicaville,CT,14968-6590,Standard,23.05,2576.6268
ryan36@gmail.com,"5379 Rhonda Prairie Apt. 696Brownland, WA 87027",DarkTurquoise,13.73,38,4.8,613.6,Brownland,WA,87027,Standard,25.865,2945.28
chris67@ryan.biz,"716 Bush Greens Apt. 098Trevorton, MA 17817-8000",Silver,11.67,37.41,3.41,483.16,Trevorton,MA,17817-8000,Standard,24.54,1647.5756
katie25@gmail.com,"6861 Lopez Fork Apt. 114South Jamiechester, DE 63993",SpringGreen,13.28,36.6,3.46,540.26,South Jamiechester,DE,63993,Standard,24.94,1869.2996
kyang@diaz.org,"223 Love Trail Suite 831Port Jeffrey, IN 46849",OliveDrab,15.13,37.16,5.38,765.52,Port Jeffrey,IN,46849,Standard,26.145,4118.4976
tadams@contreras.info,"049 Matthew TerraceLake Matthew, MS 20210",Aqua,12.7,35.36,4,553.6,Matthew TerraceLake Matthew,MS,20210,Standard,24.03,2214.4
craigcastro@burgess.com,"65407 Warner Forges Suite 071New Lori, AZ 30132-2395",OrangeRed,11.84,36.38,3.44,469.31,New Lori,AZ,30132-2395,Standard,24.11,1614.4264
ellen24@anthony.com,"PSC 3408, Box 3353APO AE 05113-1257",LimeGreen,11.31,37.68,2.78,408.62,Classified,,,Military,24.495,1135.9636
davisrobert@hicks-smith.com,"95967 Pitts BurgsWest Sarah, MH 27817-5147",SkyBlue,11.19,40.01,3.55,451.58,Pitts BurgsWest Sarah,MH,27817-5147,Standard,25.6,1603.109
walkerlaura@peterson-yates.com,"89154 Jones Stream Suite 311East Katie, NC 72742-1516",LightGreen,11.89,36.27,2.6,444.97,East Katie,NC,72742-1516,Standard,24.08,1156.922
marc54@hotmail.com,Unit 6174 Box 1949DPO AP 27478,SandyBrown,12.23,36.16,4.69,595.82,Classified,,,Military,24.195,2794.3958
gregoryrussell@yahoo.com,"55436 Devon PlainWest Kendraberg, HI 18826-3623",Teal,10.67,38.01,3.4,418.15,Devon PlainWest Kendraberg,HI,18826-3623,Standard,24.34,1421.71
williamsjohnny@ferguson.info,"51920 Kent Junctions Apt. 352Walkerport, NY 11257-6647",LightYellow,12.82,37.03,3.85,534.78,Walkerport,NY,11257-6647,Standard,24.925,2058.903
haydenrebecca@gmail.com,"10022 Wilson Orchard Suite 107Harrisstad, MH 99272",MintCream,13.59,38.26,3.26,578.24,Harrisstad,MH,99272,Standard,25.925,1885.0624
langmatthew@hotmail.com,"606 Perez DrivesMaryside, CO 94387-5877",DimGray,12.24,38.73,3.12,478.72,Perez DrivesMaryside,CO,94387-5877,Standard,25.485,1493.6064
david43@richards.com,"967 Andrew SpursMathistown, CO 28230",Indigo,11.55,36.63,2.84,444.29,Andrew SpursMathistown,CO,28230,Standard,24.09,1261.7836
paulkemp@yahoo.com,"PSC 9698, Box 5466APO AE 75496-3580",LightSalmon,11.43,35.89,4.47,544.78,Classified,,,Military,23.66,2435.1666
fbryant@gmail.com,"284 Jennifer CurveLake Hollyberg, IN 05228",GreenYellow,10.89,38.21,4.44,488.79,Jennifer CurveLake Hollyberg,IN,5228,Standard,24.55,2170.2276
kimberlyfrederick@gmail.com,"71299 Jessica ShoalsEast Mark, IA 48085-1070",DeepSkyBlue,11.93,36.91,3.16,475.76,Jessica ShoalsEast Mark,IA,48085-1070,Standard,24.42,1503.4016
sharon82@saunders.info,"873 Clay Flats Apt. 810Lake Kyle, GU 48782",DarkGreen,12.6,39.6,3.75,489.81,Lake Kyle,GU,48782,Standard,26.1,1836.7875
fishermichael@ramos.com,"565 Duarte Keys Suite 293Traceytown, IN 17797",LimeGreen,10.95,35.88,3.16,462.9,Traceytown,IN,17797,Standard,23.415,1462.764
ilawson@hotmail.com,"19018 Christopher Neck Apt. 963Mcintoshchester, IA 66908-2456",DarkGoldenRod,13.9,37.06,4.13,596.43,Mcintoshchester,IA,66908-2456,Standard,25.48,2463.2559
shafferdaniel@murphy-harris.info,USCGC ThomasFPO AP 43708-2468,Turquoise,10.88,37.78,1.91,338.32,Classified,,,Military,24.33,646.1912
stevenanderson@yahoo.com,"5401 Holt Corner Apt. 195Hannahstad, NC 86693-3595",LightGreen,10.34,36.16,4.4,533.51,Hannahstad,NC,86693-3595,Standard,23.25,2347.444
richard16@boyer-pratt.com,"4568 Jeffrey Lane Apt. 512South Jason, WV 78116-0966",LightSteelBlue,11.63,36.18,5.11,536.77,South Jason,WV,78116-0966,Standard,23.905,2742.8947
hyoung@jones.info,"73469 Baker Forest Apt. 550Allenbury, TX 63791",Cornsilk,12.52,37.15,2.67,487.38,Allenbury,TX,63791,Standard,24.835,1301.3046
erik46@hotmail.com,"20711 Martin Harbors Apt. 582New Justinborough, AK 40834-2664",LemonChiffon,10.61,36.82,3.37,473.73,New Justinborough,AK,40834-2664,Standard,23.715,1596.4701
rojasmichael@wagner-thomas.com,"7602 Scott Plaza Apt. 158Lake Amberland, VI 10516-3276",DarkKhaki,12.83,36.95,4.57,547.13,Lake Amberland,VI,10516-3276,Standard,24.89,2500.3841
lance88@briggs.com,"16001 Wilkins Island Suite 852Jonathanfort, AL 88541-7817",FireBrick,12.07,36.11,3.92,505.11,Jonathanfort,AL,88541-7817,Standard,24.09,1980.0312
anthony09@hotmail.com,"5118 Madden Views Apt. 738North Barryport, AS 28731-2270",LightSeaGreen,12.53,37.88,2.48,449.07,North Barryport,AS,28731-2270,Standard,25.205,1113.6936
audreyjohnson@rosales.com,USCGC NicholsonFPO AE 43987-0470,SlateGray,13.52,36.77,4.13,611,Classified,,,Military,25.145,2523.43
beth76@yahoo.com,"4522 Paul Heights Suite 851Adamsland, RI 08981",Crimson,11.66,36.05,4,515.83,Adamsland,RI,8981,Standard,23.855,2063.32
larrywest@davis.com,"21918 Gail GlensBarbershire, SD 45790-8387",MidnightBlue,13.66,37.72,1.36,439.07,Gail GlensBarbershire,SD,45790-8387,Standard,25.69,597.1352
raylopez@hotmail.com,"3600 Amber Plains Suite 002North Jamesburgh, VA 07917",DarkGoldenRod,11.83,36.63,4.19,514.09,North Jamesburgh,VA,7917,Standard,24.23,2154.0371
middletonrenee@gmail.com,"71757 David Freeway Apt. 851West Carriefurt, NC 27106-3364",DarkCyan,13.29,38.63,3.87,543.34,West Carriefurt,NC,27106-3364,Standard,25.96,2102.7258
grichardson@ryan.info,"79139 Boone CommonStewartstad, DE 63633-1812",SteelBlue,11.94,38.06,4.08,521.14,Boone CommonStewartstad,DE,63633-1812,Standard,25,2126.2512
esmith@gmail.com,USS JohnsonFPO AE 35617-5384,OldLace,13.35,37.83,4.25,614.72,Classified,,,Military,25.59,2612.56
michael53@munoz.com,USNS MitchellFPO AP 92946,MediumBlue,12.02,39.07,3.91,507.39,Classified,,,Military,25.545,1983.8949
jacqueline46@mcdonald-smith.biz,"3794 Michael Forest Apt. 750New Stephenberg, MD 61004-0181",Gray,12.08,35.89,3.02,495.3,New Stephenberg,MD,61004-0181,Standard,23.985,1495.806
briannasantana@gmail.com,"88978 Noble CrestNorth Rosemouth, FM 53484-6689",LightPink,13.41,35.99,3.18,518.06,Noble CrestNorth Rosemouth,FM,53484-6689,Standard,24.7,1647.4308
mark52@yahoo.com,"82227 Farmer Throughway Suite 266Leeborough, WV 35324",BlanchedAlmond,11.28,37.39,2.88,390.1,Leeborough,WV,35324,Standard,24.335,1123.488
acampbell@sanchez-velasquez.info,"5791 Jessica CoveMckinneyborough, OK 64460-7536",Wheat,11.45,37.58,2.59,420.74,Jessica CoveMckinneyborough,OK,64460-7536,Standard,24.515,1089.7166
qgarcia@williams.com,"465 Kenneth Common Apt. 192North Tracy, WI 36024-8978",Aqua,12.6,36.26,2.97,492.11,North Tracy,WI,36024-8978,Standard,24.43,1461.5667
jenniferking@hess.net,"06939 Jones NeckMariaview, VT 87641",BlueViolet,10.99,38.07,3.43,410.07,Jones NeckMariaview,VT,87641,Standard,24.53,1406.5401
taylor91@hotmail.com,"3132 Willie HarborKaylafurt, FL 01107",CadetBlue,13.09,35.85,2.93,497.51,Willie HarborKaylafurt,FL,1107,Standard,24.47,1457.7043
afry@ford.biz,"399 Jeremy Skyway Suite 377North Keithville, IL 55074",PaleTurquoise,12.19,36.15,3.78,494.55,North Keithville,IL,55074,Standard,24.17,1869.399
amandadean@gmail.com,"66880 Mckinney HillsMatthewchester, MH 88386",DimGray,10.72,37.71,3,378.33,Mckinney HillsMatthewchester,MH,88386,Standard,24.215,1134.99
brenda68@hotmail.com,"0377 Reed Via Apt. 169Alexandershire, MO 43498",Moccasin,12.93,38.17,3.85,570.45,Alexandershire,MO,43498,Standard,25.55,2196.2325
bakerdrew@gmail.com,"39637 Griffin Plain Suite 691New Deborahview, MP 73870-3773",Chartreuse,13.45,38.5,3.32,549.01,New Deborahview,MP,73870-3773,Standard,25.975,1822.7132
connorlambert@yahoo.com,"931 Andrews HeightsSouth Shelley, NV 21850",Khaki,12.15,37.33,3.36,459.29,Andrews HeightsSouth Shelley,NV,21850,Standard,24.74,1543.2144
tknapp@yahoo.com,"15810 Karl PlainDavidville, TX 64072",MediumSpringGreen,12.18,37.72,3.72,492.95,Karl PlainDavidville,TX,64072,Standard,24.95,1833.774
garcialisa@yahoo.com,"46079 Gonzalez LoafWilliamside, PA 72265",LemonChiffon,11.01,38.42,3.54,424.76,Gonzalez LoafWilliamside,PA,72265,Standard,24.715,1503.6504
josephallen@hotmail.com,"3144 Jamie RestMaxwellville, NC 93749-1190",PeachPuff,11.6,37.31,2.79,422.43,Jamie RestMaxwellville,NC,93749-1190,Standard,24.455,1178.5797
hailey18@yahoo.com,"08079 Thompson VillageNorth Lukeborough, AL 16825",Lime,12.73,35.6,5.49,642.1,Thompson VillageNorth Lukeborough,AL,16825,Standard,24.165,3525.129
whess@hotmail.com,"29282 Alexander StreetSouth Andrewmouth, MS 22041",Tomato,11.22,37.69,2.59,413.37,Alexander StreetSouth Andrewmouth,MS,22041,Standard,24.455,1070.6283
josesims@hunter.com,"8830 Debra Loaf Apt. 341Drakeville, ME 22340",SlateBlue,12.01,36.7,2.75,479.23,Drakeville,ME,22340,Standard,24.355,1317.8825
dtaylor@webb.com,"18219 Jackson WellFosterton, MP 85302",Orange,11.73,36,5,593.08,Jackson WellFosterton,MP,85302,Standard,23.865,2965.4
briangonzales@gmail.com,"572 Michelle Motorway Apt. 889New Craig, ND 17250",Fuchsia,12.09,38.31,3.87,506.55,New Craig,ND,17250,Standard,25.2,1960.3485
jared99@yahoo.com,"PSC 0811, Box 7054APO AA 91691",GoldenRod,13.07,37.54,3.8,571.31,Classified,,,Military,25.305,2170.978
qchristian@martinez-allen.com,"26737 Brooks RoadsVincentstad, VA 93089",GreenYellow,12.85,35.01,3.29,576.31,Brooks RoadsVincentstad,VA,93089,Standard,23.93,1896.0599
ngarcia@donaldson.info,"662 Wells Stravenue Apt. 578South Kristaview, DC 49423-2452",ForestGreen,11.56,37.67,4.72,576.8,South Kristaview,DC,49423-2452,Standard,24.615,2722.496
scastillo@hotmail.com,"0922 Gutierrez LoafWattsbury, OH 96315",Moccasin,11.11,37.39,4.02,514.24,Gutierrez LoafWattsbury,OH,96315,Standard,24.25,2067.2448
joshua56@garcia.com,"38154 Davis LocksLake Stevenfort, KY 86814-9222",Indigo,12.81,36.55,3.64,495.18,Davis LocksLake Stevenfort,KY,86814-9222,Standard,24.68,1802.4552
richard81@day.org,"7955 Samantha Walk Suite 230North Luis, IL 44629",SlateBlue,11.76,37.57,3.83,514.34,North Luis,IL,44629,Standard,24.665,1969.9222
jessica97@hotmail.com,"32202 Curtis Branch Apt. 411Port Brettmouth, KY 01192-0594",Cyan,12.58,37.09,4.53,541.23,Port Brettmouth,KY,01192-0594,Standard,24.835,2451.7719
angelaphillips@gmail.com,"102 Karen CourtNew Jameston, SC 57761-6570",MintCream,11.96,36.63,4.11,516.83,Karen CourtNew Jameston,SC,57761-6570,Standard,24.295,2124.1713
donald67@harrison.com,"9759 Tammy Skyway Apt. 171Lake Debra, AS 95011",Lime,10.65,37.15,3.22,468.45,Lake Debra,AS,95011,Standard,23.9,1508.409
zmalone@yahoo.com,"PSC 6717, Box 7673APO AE 66950-0088",Moccasin,12.75,36.71,3.28,548.28,Classified,,,Military,24.73,1798.3584
rlindsey@norris.com,"581 Smith Prairie Suite 995Andersontown, AS 58802",Green,11.54,37.53,2.92,431.62,Andersontown,AS,58802,Standard,24.535,1260.3304
lewisgabrielle@hotmail.com,"422 Rivers Springs Suite 221North Barbara, WI 51990-7596",LightSkyBlue,11.92,37.25,3.91,552.94,North Barbara,WI,51990-7596,Standard,24.585,2161.9954
kristina69@gmail.com,"2859 Rodriguez ForksPort Josephtown, OH 13591-3011",BlueViolet,12.42,38.95,4.92,573.31,Rodriguez ForksPort Josephtown,OH,13591-3011,Standard,25.685,2820.6852
krista86@norton.net,"0537 Rice VillageWest Kylieberg, NJ 19433-5090",Azure,11.81,37.41,2.47,452.63,Rice VillageWest Kylieberg,NJ,19433-5090,Standard,24.61,1117.9961
chelsea05@hansen.com,"7182 Stephen Fork Suite 150Port Laurachester, CO 99974-1961",LightGray,12.76,36.6,4.13,542.71,Port Laurachester,CO,99974-1961,Standard,24.68,2241.3923
jill33@allen.com,"459 Amy BurgLake Travis, OR 53314",DarkCyan,11.85,37.42,1.77,407.8,Amy BurgLake Travis,OR,53314,Standard,24.635,721.806
welchashlee@hotmail.com,"PSC 8159, Box 3254APO AP 71071-4890",GreenYellow,12.7,36.1,2.72,482.35,Classified,,,Military,24.4,1311.992
dawnlewis@watkins.org,"623 Erica FlatLake Josephland, MT 73514",Crimson,12.22,36.59,3.9,529.23,Erica FlatLake Josephland,MT,73514,Standard,24.405,2063.997
ashleychristopher@gmail.com,"9271 Christopher PrairieDouglasshire, NM 18581",MediumOrchid,11.28,36.49,2.49,433.05,Christopher PrairieDouglasshire,NM,18581,Standard,23.885,1078.2945
acontreras@hotmail.com,"88995 Edwards Row Suite 456North Jo, DE 02062-7953",Sienna,10.74,37.46,3.86,476.19,North Jo,DE,02062-7953,Standard,24.1,1838.0934
alvaradoadam@jones-thompson.com,"35970 Holly KeyPort Frank, VT 78059-9385",Aquamarine,10.96,37.33,3.58,440,Holly KeyPort Frank,VT,78059-9385,Standard,24.145,1575.2
thomasgeorge@gonzalez-grant.com,"93306 Donald GreensNew Christopherbury, SC 59447",FloralWhite,11.74,36.6,3.96,448.93,Donald GreensNew Christopherbury,SC,59447,Standard,24.17,1777.7628
solischristina@gmail.com,"43102 Russo View Suite 717Hollyport, SC 15344",SlateBlue,12.42,35.98,3.25,472.99,Hollyport,SC,15344,Standard,24.2,1537.2175
jacksonboone@rubio.com,"973 Marc PortsBrownstad, IN 48786-6700",Sienna,10.54,35.73,3.91,463.92,Marc PortsBrownstad,IN,48786-6700,Standard,23.135,1813.9272
kaitlyn78@chang.com,"978 Bean SquareDeanburgh, OR 95149",LimeGreen,11.92,39.29,1.44,350.06,Bean SquareDeanburgh,OR,95149,Standard,25.605,504.0864
francisgeorge@thomas.org,"27563 Vincent LakeAllenchester, DC 22159",Teal,11.91,38.27,2.91,460.06,Vincent LakeAllenchester,DC,22159,Standard,25.09,1338.7746
linda90@yoder.org,"979 Alison Motorway Apt. 676North Frank, HI 55870-2651",WhiteSmoke,12.49,36.52,3.35,505.77,North Frank,HI,55870-2651,Standard,24.505,1694.3295
david79@lopez-montes.com,"969 William ManorWest Sherry, MA 66282-2258",Purple,12.38,37.23,3.09,463.48,William ManorWest Sherry,MA,66282-2258,Standard,24.805,1432.1532
micheleblanchard@lopez-greene.com,"555 Hunt Track Suite 307South Kristi, PA 73709",SlateGray,10.48,37.34,4.51,479.73,South Kristi,PA,73709,Standard,23.91,2163.5823
pmercado@rodriguez.com,"811 Maria RunSanchezville, MI 04953",LightPink,12.3,36.95,1.83,424.19,Maria RunSanchezville,MI,4953,Standard,24.625,776.2677
james30@carter.biz,"3604 Richard Junctions Suite 448Brownburgh, CO 64856-8238",LimeGreen,10.86,36.58,3.99,465.89,Brownburgh,CO,64856-8238,Standard,23.72,1858.9011
parkerkayla@miles.com,"170 Andrew MewsNorth Susan, NM 85338-2426",DarkSlateBlue,10.72,38.31,2.65,426.78,Andrew MewsNorth Susan,NM,85338-2426,Standard,24.515,1130.967
alicia85@lee.com,"14220 Carla Flat Suite 521Lake Matthew, DE 06183",DimGray,12.39,37.43,6.4,684.16,Lake Matthew,DE,6183,Standard,24.91,4378.624
dominguezjacob@hotmail.com,"8594 Erica Manors Apt. 529Lake Miguel, MH 10652-9266",CornflowerBlue,10.98,37.4,5.39,555.89,Lake Miguel,MH,10652-9266,Standard,24.19,2996.2471
ebrown@osborne.com,"4291 Nichols Fork Apt. 562Thomaschester, SC 08938-8769",DarkSlateGray,12.97,36.97,6.08,657.02,Thomaschester,SC,08938-8769,Standard,24.97,3994.6816
nathan86@hotmail.com,"748 Michael PlazaWest Billyside, UT 20799",MidnightBlue,12.05,36.96,3.86,595.8,Michael PlazaWest Billyside,UT,20799,Standard,24.505,2299.788
aaron11@luna.com,"672 Jesus Roads Apt. 443Thompsonland, WY 69228",LightSkyBlue,13.46,37.24,2.94,503.98,Thompsonland,WY,69228,Standard,25.35,1481.7012
fsnow@ellis.com,"0272 Jones WayLake Angela, MP 97003-5793",MediumBlue,12.44,37.33,5.08,586.16,Jones WayLake Angela,MP,97003-5793,Standard,24.885,2977.6928
asilva@yahoo.com,USNV JohnsonFPO AP 19026,Wheat,12.21,33.91,6.92,744.22,Classified,,,Military,23.06,5150.0024
casey21@johnson.com,"691 Johnson Field Apt. 510Michaelville, VI 78140",SpringGreen,11.59,39.09,3.6,512.83,Michaelville,VI,78140,Standard,25.34,1846.188
campbellross@yahoo.com,"6218 Michael Station Apt. 982Salazarburgh, NJ 79955",DarkRed,11.38,38.3,3.78,528.22,Salazarburgh,NJ,79955,Standard,24.84,1996.6716
blevinseric@stephens.com,"PSC 3676, Box 1549APO AE 26130-7683",Orange,12.36,38.04,3.31,468.91,Classified,,,Military,25.2,1552.0921
stevenking@patterson.com,"94730 Martin MountNew Matthew, VI 08142-6708",LightGray,12.4,35.01,0.97,357.59,Martin MountNew Matthew,VI,08142-6708,Standard,23.705,346.8623
samuel94@hotmail.com,"5480 Vazquez Crossing Suite 825East Christopherland, PA 42104",DarkViolet,12.54,38.31,3.77,536.42,East Christopherland,PA,42104,Standard,25.425,2022.3034
johnsonpaul@keller-woodard.org,USCGC DodsonFPO AA 87781-3935,LimeGreen,13.28,36.94,3.59,490.21,Classified,,,Military,25.11,1759.8539
twilliams@gibbs.net,Unit 6678 Box 6628DPO AP 44369,CadetBlue,11.8,37.66,4.52,550.05,Classified,,,Military,24.73,2486.226
teresapacheco@salinas.biz,"75805 Larry MillsEast Cristian, MH 53820",DarkMagenta,12.72,37.66,3.68,513.45,Larry MillsEast Cristian,MH,53820,Standard,25.19,1889.496
allison80@carson-hansen.com,"04311 Oconnor Park Apt. 415Kelleystad, ND 63064-8935",ForestGreen,12.04,38.92,2.87,497.81,Kelleystad,ND,63064-8935,Standard,25.48,1428.7147
turnerryan@hotmail.com,"770 Lewis Pike Apt. 869Phelpsport, PA 93969-4887",LightSkyBlue,12.47,35.04,4.06,578.99,Phelpsport,PA,93969-4887,Standard,23.755,2350.6994
walkererica@scott.com,"86536 Barnes TrackSouth Kyle, MT 21570-5606",MediumAquaMarine,13.16,36.41,3.02,506.54,Barnes TrackSouth Kyle,MT,21570-5606,Standard,24.785,1529.7508
mark94@yahoo.com,"586 Timothy Union Suite 592East Joseph, MO 81374",Salmon,11.05,37.63,4.72,501.75,East Joseph,MO,81374,Standard,24.34,2368.26
daniellecuevas@hotmail.com,"9287 Daniel Rest Apt. 608Allentown, SD 73050",LavenderBlush,10.64,37.58,2.93,421.97,Allentown,SD,73050,Standard,24.11,1236.3721
gbarnes@gmail.com,"8667 Suzanne Motorway Suite 241Spencechester, KY 74385-4618",Green,13.44,36.88,2.36,439.89,Spencechester,KY,74385-4618,Standard,25.16,1038.1404
cody68@hotmail.com,"374 Dana JunctionsLangside, WI 36474",SpringGreen,13.28,35.91,4.97,666.13,Dana JunctionsLangside,WI,36474,Standard,24.595,3310.6661
fischermonica@gmail.com,"9847 Michael Plaza Suite 837Lake Christophershire, NV 87324-8427",Navy,11.75,36.94,0.8,298.76,Lake Christophershire,NV,87324-8427,Standard,24.345,239.008
brenda25@gmail.com,"353 Jones Loaf Apt. 767South Michaelburgh, PR 16281-4840",OliveDrab,10.86,38.84,3.67,465.18,South Michaelburgh,PR,16281-4840,Standard,24.85,1707.2106
david58@yahoo.com,"6058 Thomas DivideMatthewland, PA 89442-8198",LightSalmon,11.69,37.48,1.72,373.89,Thomas DivideMatthewland,PA,89442-8198,Standard,24.585,643.0908
clifford76@johnson.com,"8032 Hodge Circle Apt. 255Lake Jessicashire, OR 54914",RosyBrown,11.55,38.58,4.77,532.72,Lake Jessicashire,OR,54914,Standard,25.065,2541.0744
jacquelinehughes@bennett-branch.info,"601 Ashley Loop Suite 162Port Benjaminview, DE 02456",DeepPink,11.72,36.81,4.09,554.9,Port Benjaminview,DE,2456,Standard,24.265,2269.541
victoria53@hotmail.com,"16329 Sara Neck Apt. 463Bryanside, TX 62329",Pink,12.18,35.67,4.13,537.77,Bryanside,TX,62329,Standard,23.925,2220.9901
cunninghamkyle@ellis-parker.org,"449 Williamson Lakes Apt. 118Travisville, AK 06848-0177",LightGreen,12.32,37.82,3.44,501.1,Travisville,AK,06848-0177,Standard,25.07,1723.784
jjones@yahoo.com,"047 Carla LocksCoreymouth, AR 98066",GreenYellow,11.08,37.96,4.72,517.17,Carla LocksCoreymouth,AR,98066,Standard,24.52,2441.0424
michaelferguson@torres-miles.net,"757 Amber Gateway Apt. 787New Stephaniechester, OR 61576-6056",Sienna,13.18,38.86,3.23,557.53,New Stephaniechester,OR,61576-6056,Standard,26.02,1800.8219
crawforderik@price.org,"5183 Michael RampEast Lukeburgh, FL 93972",DarkKhaki,12.83,37.68,2.97,493.72,Michael RampEast Lukeburgh,FL,93972,Standard,25.255,1466.3484
jlawson@mccarthy.com,"0127 Morgan Fields Apt. 080Thompsonfurt, ME 01160-7043",LightGray,11.51,37.25,3.18,452.12,Thompsonfurt,ME,01160-7043,Standard,24.38,1437.7416
marshchristopher@zimmerman-villegas.com,"667 Stephanie Lake Apt. 658Marthashire, NC 11815-2307",DarkRed,11.86,36.09,4.81,577.27,Marthashire,NC,11815-2307,Standard,23.975,2776.6687
oolson@collins.com,"07867 Horn LakeWest Teresatown, VT 64387-1228",Aqua,12.29,37.06,3.62,485.92,Horn LakeWest Teresatown,VT,64387-1228,Standard,24.675,1759.0304
isaiahcampbell@yahoo.com,"55414 Ramirez Union Apt. 614West Crystal, CA 03845-2631",Red,10.93,36.55,3.26,425.75,West Crystal,CA,03845-2631,Standard,23.74,1387.945
kcannon@alvarez-cline.info,"55479 Peters Field Apt. 702North Micheleberg, PR 45063",Lavender,13.33,37.96,3.6,537.22,North Micheleberg,PR,45063,Standard,25.645,1933.992
nielsencarmen@harrell.net,"2491 Yates Crest Suite 316Connieville, FL 92080-0819",DeepPink,10.9,36.09,4.79,524.64,Connieville,FL,92080-0819,Standard,23.495,2513.0256
efreeman@moore.com,"223 Powell RidgesEast Richardtown, RI 90715-2178",White,12.28,38.23,3.32,478.89,Powell RidgesEast Richardtown,RI,90715-2178,Standard,25.255,1589.9148
roblessarah@hotmail.com,"022 Taylor Mews Suite 692Hallberg, NJ 53614",MediumSeaGreen,12.04,37.64,4.63,612.39,Hallberg,NJ,53614,Standard,24.84,2835.3657
christopherhaas@gmail.com,"56674 Melanie FlatsSchneiderberg, IN 66532",MediumPurple,11.72,37.15,3.31,476.77,Melanie FlatsSchneiderberg,IN,66532,Standard,24.435,1578.1087
ethomas@yahoo.com,"1279 Douglas MountainsPort Christopherberg, RI 32811-8325",LightGreen,11.2,35.49,4.02,505.12,Douglas MountainsPort Christopherberg,RI,32811-8325,Standard,23.345,2030.5824
wevans@gmail.com,"222 Jason ParkDominguezshire, NC 98241",Tan,13.38,36.34,4.37,545.95,Jason ParkDominguezshire,NC,98241,Standard,24.86,2385.8015
patrickorr@yahoo.com,"6009 Heather ParkHowardhaven, SD 51705-2993",LawnGreen,11.39,37.91,2.57,434.02,Heather ParkHowardhaven,SD,51705-2993,Standard,24.65,1115.4314
mary84@edwards.com,"19123 Craig Isle Apt. 719Millsmouth, SC 94194",LightSkyBlue,10.77,37.28,3.52,424.68,Millsmouth,SC,94194,Standard,24.025,1494.8736
longwilliam@gmail.com,"16068 Kelly ParksWrightside, NH 21447",BurlyWood,11.82,37.1,1.5,352.55,Kelly ParksWrightside,NH,21447,Standard,24.46,528.825
lisagutierrez@johnson-herring.net,"89300 Amber Centers Apt. 879Victoriaton, VT 98394",Peru,13.81,37.43,5.04,662.96,Victoriaton,VT,98394,Standard,25.62,3341.3184
david81@hotmail.com,"1576 Lane ShoalRogerton, PR 63867-3426",Thistle,11.66,37.28,4.48,560.56,Lane ShoalRogerton,PR,63867-3426,Standard,24.47,2511.3088
jacksonking@mccormick.com,"120 Micheal Fort Apt. 762East Patrickbury, WY 65946",DarkMagenta,13.1,35.91,3.36,467.5,East Patrickbury,WY,65946,Standard,24.505,1570.8
jessica04@christian-riley.com,"338 Graham Loaf Suite 236East Toddton, FM 43566-4238",LemonChiffon,13.07,36.68,1.92,504.87,East Toddton,FM,43566-4238,Standard,24.875,969.3504
simmonsmartin@hardy.com,"2302 Joshua ParkMillerbury, WA 30239-8144",MediumVioletRed,12.49,36.05,4.33,590.56,Joshua ParkMillerbury,WA,30239-8144,Standard,24.27,2557.1248
michellejohnson@sanders-rodriguez.com,"70562 Gonzalez StravenueElizabethland, WI 40700-9149",Teal,11.34,37.04,3.81,443.97,Gonzalez StravenueElizabethland,WI,40700-9149,Standard,24.19,1691.5257
tylerhernandez@barton.info,"7613 Miguel Knoll Suite 762West Katherine, WV 19406",SlateGray,11.2,38.69,3.09,392.5,West Katherine,WV,19406,Standard,24.945,1212.825
connerjoseph@gmail.com,"981 David SquareNew Jacquelinetown, AK 66018-4092",Turquoise,11.33,35.46,4.54,568.72,David SquareNew Jacquelinetown,AK,66018-4092,Standard,23.395,2581.9888
jeffrey54@mcdonald-williams.com,"297 Francis ValleySouth Lindsey, NY 13669-5367",Gainsboro,13.92,37.95,5.07,712.4,Francis ValleySouth Lindsey,NY,13669-5367,Standard,25.935,3611.868
hevans@kelly-nunez.org,Unit 4065 Box 2267DPO AE 69180-7372,Orchid,11.03,38.25,3.11,413.3,Classified,,,Military,24.64,1285.363
lewiskendra@yahoo.com,"988 Matthew PlazaLake Jacobshire, AL 37889",Yellow,11.08,36.78,4.75,562.08,Matthew PlazaLake Jacobshire,AL,37889,Standard,23.93,2669.88
freemantina@cannon.org,"870 Dennis ThroughwayWilsonport, PW 12658",AntiqueWhite,10.54,35.53,3.09,412.01,Dennis ThroughwayWilsonport,PW,12658,Standard,23.035,1273.1109
wagnerbrian@hotmail.com,"50593 Wells Roads Apt. 110South Amy, MI 06969-2026",AliceBlue,11.8,37.78,3.2,468.67,South Amy,MI,06969-2026,Standard,24.79,1499.744
melissa08@nelson.com,"15863 Harrington Glens Suite 012Marystad, LA 50652-8210",Tomato,12.44,38.13,3.85,496.55,Marystad,LA,50652-8210,Standard,25.285,1911.7175
karina59@gmail.com,"9580 Clark Trail Suite 687Williamsside, FM 57367",PapayaWhip,12.1,36.06,3.97,548.52,Williamsside,FM,57367,Standard,24.08,2177.6244
baldwinbryan@estrada-silva.biz,"1470 Kathleen PassSouth Christopherberg, SD 22850",MediumSeaGreen,12.38,38.76,3.84,536.13,Kathleen PassSouth Christopherberg,SD,22850,Standard,25.57,2058.7392
audreyguerrero@carey.com,"1995 Susan Locks Suite 760East Cheryl, AR 37103-5176",BlueViolet,13.72,35.77,2.91,558.43,East Cheryl,AR,37103-5176,Standard,24.745,1625.0313
drew29@hotmail.com,"20888 Erin ViaGrahamville, NH 72913-6101",Tomato,12.73,36.54,1.14,357.86,Erin ViaGrahamville,NH,72913-6101,Standard,24.635,407.9604
michael00@yahoo.com,"03065 Henry Courts Suite 443Derekstad, VT 88473",DarkSlateGray,13.69,34.89,2.69,529.06,Derekstad,VT,88473,Standard,24.29,1423.1714
jgray@khan-allen.com,"1416 Rachel CrescentWest Laurieside, IL 81119-7229",Gold,10.01,38.35,3.11,387.36,Rachel CrescentWest Laurieside,IL,81119-7229,Standard,24.18,1204.6896
bushsusan@hotmail.com,"20618 David SquareGayland, HI 78719-9628",Moccasin,11.44,36.22,4.85,528.93,David SquareGayland,HI,78719-9628,Standard,23.83,2565.3105
charris@gmail.com,"2781 Matthew Wells Apt. 569Potterview, KS 50763-8282",MediumSeaGreen,12.35,37.12,2.31,420.92,Potterview,KS,50763-8282,Standard,24.735,972.3252
longphillip@yahoo.com,"13044 Woods HeightsAndreamouth, ND 52317-6007",LightGreen,10.75,35.74,4.84,496.93,Woods HeightsAndreamouth,ND,52317-6007,Standard,23.245,2405.1412
madisonalexander@gmail.com,"791 Allen Trafficway Suite 776Christopherland, DC 41460",Orange,11.59,37.74,3.68,519.37,Christopherland,DC,41460,Standard,24.665,1911.2816
mfoster@brown-white.com,"36192 Ho SpringNew Michael, RI 65851-6369",Cyan,11.24,37.68,5.25,591.44,Ho SpringNew Michael,RI,65851-6369,Standard,24.46,3105.06
sanchezkara@hotmail.com,"40494 Robert ParkHeatherside, IL 70364",SlateBlue,11.11,38.59,3.89,502.41,Robert ParkHeatherside,IL,70364,Standard,24.85,1954.3749
floresbradley@hotmail.com,"446 Daniel Rest Suite 644Port Matthewhaven, MN 89465",BlanchedAlmond,12.11,36.29,4.39,604.33,Port Matthewhaven,MN,89465,Standard,24.2,2653.0087
lamryan@curtis-garcia.net,"96393 Joshua RapidsJonesview, VA 58733",LavenderBlush,11.87,37.72,4,555.07,Joshua RapidsJonesview,VA,58733,Standard,24.795,2220.28
alexandra26@summers-davis.com,Unit 7032 Box 7016DPO AE 44749-2992,Navy,10.26,36.14,0.79,256.67,Classified,,,Military,23.2,202.7693
ocortez@gmail.com,"4800 Ashley Spur Apt. 347Dannyfort, GA 23352",MediumBlue,12.17,37.07,4.4,547.11,Dannyfort,GA,23352,Standard,24.62,2407.284
melinda39@morton.info,"13693 Cox Falls Apt. 693Padillaview, PW 28998-0386",Moccasin,13.09,37.61,2.65,461.92,Padillaview,PW,28998-0386,Standard,25.35,1224.088
lisa94@jackson.com,"40288 Stephens Corner Apt. 221West Stephanie, OK 55617-4332",CadetBlue,13.01,36.65,2.37,458.38,West Stephanie,OK,55617-4332,Standard,24.83,1086.3606
lucastaylor@yahoo.com,"63872 Chavez LodgeDanielton, NJ 85847",MediumTurquoise,10.98,37.95,3.05,436.28,Chavez LodgeDanielton,NJ,85847,Standard,24.465,1330.654
apark@walsh-obrien.net,"28942 Bradford CrescentNew Morganfurt, MD 77162-0478",DarkGreen,13.11,35.57,3.64,532.94,Bradford CrescentNew Morganfurt,MD,77162-0478,Standard,24.34,1939.9016
dominguezmaria@gmail.com,"1768 Rosales Ford Apt. 793Lake Markbury, SC 31567",RoyalBlue,12.14,37.26,3.4,512.55,Lake Markbury,SC,31567,Standard,24.7,1742.67
jimmy11@hardin.com,"496 Bush Turnpike Apt. 674Donnabury, OR 32596-0079",DarkGoldenRod,13.91,37.79,4.3,630.42,Donnabury,OR,32596-0079,Standard,25.85,2710.806
patriciajackson@jenkins.info,"981 Matthew Valley Apt. 621Lake Tracyburgh, NM 33288-1364",Thistle,11.4,37.33,3.8,463.75,Lake Tracyburgh,NM,33288-1364,Standard,24.365,1762.25
rayvanessa@fischer.com,"2583 Mark SpringsLake Robert, AL 40928",White,13.03,37.08,2.63,493.18,Mark SpringsLake Robert,AL,40928,Standard,25.055,1297.0634
gharrison@davis.com,"04140 Cameron Brooks Apt. 724South Laurenberg, HI 08562",MediumSpringGreen,11.62,35.97,3.63,501.21,South Laurenberg,HI,8562,Standard,23.795,1819.3923
alexandermichael@hotmail.com,"2086 Lisa ViewOrtegabury, MI 43544",WhiteSmoke,12.6,37.37,3.47,501.93,Lisa ViewOrtegabury,MI,43544,Standard,24.985,1741.6971
christopher66@hotmail.com,"388 Kelly PikeWest Jeffery, DE 44039-7785",BurlyWood,13.19,37.07,1.49,376.34,Kelly PikeWest Jeffery,DE,44039-7785,Standard,25.13,560.7466
archeremily@baldwin.com,USCGC HernandezFPO AE 53064,YellowGreen,13.27,36.97,2.27,421.33,Classified,,,Military,25.12,956.4191
hornesteven@gmail.com,"91425 Roy TrailRivaston, NE 34949-2588",White,11.75,38.57,5.02,538.77,Roy TrailRivaston,NE,34949-2588,Standard,25.16,2704.6254
william28@gmail.com,"16763 Melissa Creek Suite 367North Keithland, PW 29458",Cyan,11.57,36.91,2.47,398.16,North Keithland,PW,29458,Standard,24.24,983.4552
karenosborne@yahoo.com,"81814 Pratt Squares Suite 460North Robert, GU 77741-1307",SlateBlue,12.64,36.1,4.3,571.47,North Robert,GU,77741-1307,Standard,24.37,2457.321
chansen@holt.com,"2380 Fisher Neck Suite 233Brianland, AZ 34453-0625",LightSkyBlue,11.39,39.08,2.44,451.63,Brianland,AZ,34453-0625,Standard,25.235,1101.9772
hallthomas@lane.com,"22630 Bell Centers Suite 030North Danielport, FM 31756",DarkTurquoise,11.82,36.95,3.66,490.6,North Danielport,FM,31756,Standard,24.385,1795.596
taylorkimberly@yahoo.com,"0030 Mathis Square Suite 154South Jadehaven, AR 33997-4450",Gainsboro,12.73,35.97,5,591.78,South Jadehaven,AR,33997-4450,Standard,24.35,2958.9
clester@yahoo.com,"76778 Underwood KnollNew Gregory, ID 57323",LightCyan,11.2,37.69,2.41,409.07,Underwood KnollNew Gregory,ID,57323,Standard,24.445,985.8587
pvega@hotmail.com,"61629 Johnson UnderpassNew Eric, MI 92352-5044",LightCoral,11.35,36.32,5.31,563.45,Johnson UnderpassNew Eric,MI,92352-5044,Standard,23.835,2991.9195
vmartin@yahoo.com,"30242 Rubio ForestPort Kyleland, VA 18339-5779",Turquoise,14.22,37.52,4.08,647.62,Rubio ForestPort Kyleland,VA,18339-5779,Standard,25.87,2642.2896
andreperez@hotmail.com,"17463 George PortsEast Julianborough, WY 68291",DarkOliveGreen,11.55,36.95,3.28,448.34,George PortsEast Julianborough,WY,68291,Standard,24.25,1470.5552
anntaylor@hotmail.com,"PSC 1634, Box 8167APO AA 49814",Teal,11.92,36.84,3.63,518.79,Classified,,,Military,24.38,1883.2077
hickmanelizabeth@yahoo.com,"12641 Greer Track Apt. 183North Mitchell, IA 77991-6276",DeepPink,12.28,37.19,3.98,523.63,North Mitchell,IA,77991-6276,Standard,24.735,2084.0474
halljohn@yahoo.com,"311 Savannah Ramp Suite 245Carlsonbury, LA 08453-6035",MediumTurquoise,10.13,34.85,3.29,393.86,Carlsonbury,LA,08453-6035,Standard,22.49,1295.7994
cohensean@yahoo.com,"3751 Green LoafNew Julia, VT 20897",DarkCyan,12.03,36.13,2.31,426.15,Green LoafNew Julia,VT,20897,Standard,24.08,984.4065
jmartinez@anderson.org,"14889 Page PrairieDennisville, NV 27982-4210",PeachPuff,13.17,36.2,3.56,503.39,Page PrairieDennisville,NV,27982-4210,Standard,24.685,1792.0684
cbrady@gonzalez-miller.com,"193 Ashley Plaza Suite 706Hernandezport, WV 71270-7338",Aqua,12.33,36.67,3.35,482.6,Hernandezport,WV,71270-7338,Standard,24.5,1616.71
pkline@hotmail.com,"PSC 6338, Box 7637APO AA 22066",MediumTurquoise,13.89,39.22,2.91,524.8,Classified,,,Military,26.555,1527.168
martha91@garrison.net,"360 Albert SpringSouth Tylerbury, VA 92641-9077",HotPink,12.93,36.36,3.79,574.65,Albert SpringSouth Tylerbury,VA,92641-9077,Standard,24.645,2177.9235
maureenlopez@gmail.com,"82537 Alice CentersGregland, OR 71749",SeaShell,11.38,36.64,4.03,574.75,Alice CentersGregland,OR,71749,Standard,24.01,2316.2425
russellbaldwin@ferrell.info,"295 Michael Keys Apt. 706Ericfurt, KS 09476",Orange,14.07,38.99,4.98,660.43,Ericfurt,KS,9476,Standard,26.53,3288.9414
amandastanley@yahoo.com,"38528 Jerry Valleys Suite 027Jonesstad, NY 74787-2691",CadetBlue,10.8,37.37,2.7,375.4,Jonesstad,NY,74787-2691,Standard,24.085,1013.58
george02@hotmail.com,"3286 Lynch FieldHenrychester, RI 41833-7902",LightCoral,14.43,37.37,3.93,640.19,Lynch FieldHenrychester,RI,41833-7902,Standard,25.9,2515.9467
swilliams@ball-arroyo.com,"450 Samantha ValleysCollinsborough, KS 37205-9891",Orchid,13.04,36.66,3.46,514.01,Samantha ValleysCollinsborough,KS,37205-9891,Standard,24.85,1778.4746
taylorjared@foster.net,"601 Mitchell Estates Suite 922Port Daniel, WV 83595",Crimson,11.74,36.85,2.18,376.5,Port Daniel,WV,83595,Standard,24.295,820.77
keith13@yahoo.com,"81830 Katie SquaresPort Austinland, FL 73522-0761",LightGoldenRodYellow,12.49,38.24,2.71,484.52,Katie SquaresPort Austinland,FL,73522-0761,Standard,25.365,1313.0492
schmidtdenise@hotmail.com,"06392 Matthew Viaduct Suite 000Lake Ronald, NY 45787-0181",DarkGoldenRod,12.89,36.53,4.59,614.73,Lake Ronald,NY,45787-0181,Standard,24.71,2821.6107
jasmin20@salas.com,"634 Nancy Shoals Suite 241South Barry, AR 52307",HotPink,11.67,37.34,4.26,567.48,South Barry,AR,52307,Standard,24.505,2417.4648
christophermorrison@mcguire-carter.biz,"90089 Eric WellNicoleside, MT 95918",Blue,11.78,37.98,3.78,554,Eric WellNicoleside,MT,95918,Standard,24.88,2094.12
deborah51@yahoo.com,"4190 Shelton HarborsNorth Christopher, RI 60962",Violet,12.14,36.85,1.62,399.98,Shelton HarborsNorth Christopher,RI,60962,Standard,24.495,647.9676
melindahartman@gmail.com,"3761 Jared MountainNicholasport, WY 51181",Pink,12.22,36.82,3.41,479.17,Jared MountainNicholasport,WY,51181,Standard,24.52,1633.9697
sharper@yahoo.com,"239 Bush Fall Apt. 906Riveraville, KY 88906-3319",SandyBrown,13.4,37.29,3.61,585.93,Riveraville,KY,88906-3319,Standard,25.345,2115.2073
jessicabrewer@simmons.net,"5052 Mccoy Passage Apt. 328Teresaport, FM 97139",LightBlue,12.96,38.66,3.28,541,Teresaport,FM,97139,Standard,25.81,1774.48
beckycarson@jones-brown.biz,"78787 Mitchell LightsMatthewville, AZ 30310-0130",Gold,12.88,36.23,5.01,628.05,Mitchell LightsMatthewville,AZ,30310-0130,Standard,24.555,3146.5305
jennifer24@hotmail.com,"46954 Melissa CornerNorth Amanda, LA 34844",SteelBlue,13.33,36.77,3.37,582.49,Melissa CornerNorth Amanda,LA,34844,Standard,25.05,1962.9913
jeremy00@yahoo.com,"45442 Barber Key Apt. 882South Jaclyn, NM 24367-3001",FloralWhite,12.16,36.58,5.45,640.79,South Jaclyn,NM,24367-3001,Standard,24.37,3492.3055
wellsjuan@schroeder.com,"0338 Francis JunctionLake Alexstad, NH 14302",Green,11.23,35.67,3.76,446.42,Francis JunctionLake Alexstad,NH,14302,Standard,23.45,1678.5392
gregorystewart@hotmail.com,"232 John Haven Suite 456Johnsonhaven, VT 90106-0173",PaleGoldenRod,12.46,37.75,4.66,570.63,Johnsonhaven,VT,90106-0173,Standard,25.105,2659.1358
tammyjones@griffin.com,"0859 Audrey IsleSouth Zachary, AS 09138",Navy,9.85,36.88,3.81,423.31,Audrey IsleSouth Zachary,AS,9138,Standard,23.365,1612.8111
djohnson@hotmail.com,"5358 Stephen Parkway Suite 894Kimview, MN 17436-4528",Coral,13.33,36.9,5.05,616.66,Kimview,MN,17436-4528,Standard,25.115,3114.133
kenneth27@smith.com,"721 Robert Viaduct Apt. 052Lake Olivia, MO 93807",DarkGreen,13.68,37.74,2.87,530.36,Lake Olivia,MO,93807,Standard,25.71,1522.1332
johnathan33@yahoo.com,"836 Amy VillagesHannahside, RI 09207-2616",LightSteelBlue,11.64,37.03,3.24,442.36,Amy VillagesHannahside,RI,09207-2616,Standard,24.335,1433.2464
carrillojacob@perry-larsen.com,"909 Hicks MountainsGabriellaport, MD 33121",Aquamarine,13.49,37.55,3.09,511.98,Hicks MountainsGabriellaport,MD,33121,Standard,25.52,1582.0182
greenelizabeth@edwards.com,"54051 Jenkins ViewEast Danielshire, IN 32905-7784",DarkViolet,11.62,38.42,4.56,560.44,Jenkins ViewEast Danielshire,IN,32905-7784,Standard,25.02,2555.6064
denisemorrow@johnson-james.net,"24458 Hudson SquareHallside, PA 68038",MediumSpringGreen,13.01,37.79,3.01,475.26,Hudson SquareHallside,PA,68038,Standard,25.4,1430.5326
wandaphillips@leonard.com,"149 Monica Vista Apt. 908Jasonberg, TX 19632-8886",OliveDrab,11.47,35.68,1.81,374.27,Jasonberg,TX,19632-8886,Standard,23.575,677.4287
zachary94@gmail.com,"99902 Scott RoadJoyton, MT 46760-7400",Purple,11.68,38.72,3.59,463.59,Scott RoadJoyton,MT,46760-7400,Standard,25.2,1664.2881
ppowell@gmail.com,"74260 Carly Mews Suite 703Jonesberg, OR 39594",BlueViolet,12.09,36.62,3.05,471.6,Jonesberg,OR,39594,Standard,24.355,1438.38
bhill@pierce-kane.info,"3324 Branch Squares Suite 221Riddleton, OK 34594",RoyalBlue,14.33,35.72,3.63,626.02,Riddleton,OK,34594,Standard,25.025,2272.4526
matthewgraves@mills-shaffer.com,"66636 Jason ParkwayKellyside, NV 67033",DarkSeaGreen,12.91,39.07,1.48,432.47,Jason ParkwayKellyside,NV,67033,Standard,25.99,640.0556
nwagner@yahoo.com,Unit 2079 Box 7792DPO AP 47668,AntiqueWhite,9.82,35.74,2.92,356.62,Classified,,,Military,22.78,1041.3304
jamesfaulkner@hoffman-wolfe.org,Unit 0474 Box 0661DPO AP 48938-3469,Blue,12.81,38.55,1.81,467.43,Classified,,,Military,25.68,846.0483
phillipscarrie@gmail.com,"625 Andrew LocksMadisonside, AZ 74068",FloralWhite,13.06,37.26,3.37,503.22,Andrew LocksMadisonside,AZ,74068,Standard,25.16,1695.8514
samantha84@cortez.com,"960 Miller UnionEast Virginiastad, MS 74191-2346",Navy,10.53,37.03,2.21,378.47,Miller UnionEast Virginiastad,MS,74191-2346,Standard,23.78,836.4187
edward29@knapp.com,"4029 Gerald CapeSouth Laurenborough, SC 19130-5133",DarkOrange,11.14,35.95,5.45,584.22,Gerald CapeSouth Laurenborough,SC,19130-5133,Standard,23.545,3183.999
hannahgilbert@gmail.com,"6961 Mary Stravenue Suite 857Hilltown, TX 52813-7703",Aqua,10.98,34.81,3.2,451.73,Hilltown,TX,52813-7703,Standard,22.895,1445.536
lschroeder@gmail.com,"93101 Shannon CommonSouth Destiny, ND 30379-2855",Ivory,11.15,37.24,4.73,557.63,Shannon CommonSouth Destiny,ND,30379-2855,Standard,24.195,2637.5899
thomaswendy@yahoo.com,"449 Amanda TunnelJoshuahaven, CO 15377",LavenderBlush,11.95,36.19,3.21,432.72,Amanda TunnelJoshuahaven,CO,15377,Standard,24.07,1389.0312
fuenteskathryn@schmidt-johnson.org,"839 Heather CliffSouth Blake, SC 90412",Cyan,11.47,37.06,3.8,506.42,Heather CliffSouth Blake,SC,90412,Standard,24.265,1924.396
melissa08@rowe.net,"13799 Cortez Inlet Suite 733East Stevenshire, AL 32757",Tan,11.04,38.62,4.12,510.16,East Stevenshire,AL,32757,Standard,24.83,2101.8592
bradleysmith@barber.com,"581 Gilmore PortHeatherville, MS 20879",PaleVioletRed,11.17,35.63,5.46,587.57,Gilmore PortHeatherville,MS,20879,Standard,23.4,3208.1322
morganorozco@hotmail.com,"0001 Mack MillNorth Jennifer, NE 42021-5936",LightPink,11.56,35.98,1.48,282.47,Mack MillNorth Jennifer,NE,42021-5936,Standard,23.77,418.0556
johnsonhannah@gmail.com,"634 Robert Hill Apt. 800Coxtown, OK 32430",Thistle,12.23,36.99,3.77,473.95,Coxtown,OK,32430,Standard,24.61,1786.7915
javier02@landry.net,Unit 7029 Box 3429DPO AE 56975,CadetBlue,13.19,38.07,2.9,489.91,Classified,,,Military,25.63,1420.739
lmalone@gmail.com,USS BeasleyFPO AP 50556-7615,AntiqueWhite,13.39,37.81,3.57,541.97,Classified,,,Military,25.6,1934.8329
brandon77@richardson.com,"109 Jessica ManorNorth Patriciashire, PR 84726",GhostWhite,11.85,36.93,1.08,266.09,Jessica ManorNorth Patriciashire,PR,84726,Standard,24.39,287.3772
bhamilton@shaw.biz,"036 Mary Drive Apt. 581Port Brandytown, FL 66143",DarkOrchid,12.27,36.58,3.02,494.69,Port Brandytown,FL,66143,Standard,24.425,1493.9638
randyrobinson@hotmail.com,"14548 Hayes Isle Apt. 436Garciaville, IN 65366",DarkGray,13.46,36.34,5.57,689.79,Garciaville,IN,65366,Standard,24.9,3842.1303
ecruz@yahoo.com,"08111 Barry HighwayBentonberg, GU 13706",Gainsboro,11.79,36.26,2.4,387.53,Barry HighwayBentonberg,GU,13706,Standard,24.025,930.072
wrightdanielle@gmail.com,"508 May HighwayPort Jacobview, MN 31932",DarkSalmon,10.99,37.37,3.5,441.9,May HighwayPort Jacobview,MN,31932,Standard,24.18,1546.65
deandanny@yahoo.com,"9781 Lopez Spurs Apt. 300Fitzgeraldborough, MA 89035-4317",Ivory,12.64,36.52,5.23,604.84,Fitzgeraldborough,MA,89035-4317,Standard,24.58,3163.3132
dblair@gmail.com,"190 Kelley BurgWest Juliaport, IA 35826-8163",MediumSlateBlue,8.51,35.46,1.84,302.19,Kelley BurgWest Juliaport,IA,35826-8163,Standard,21.985,556.0296
veronicapruitt@hotmail.com,Unit 7502 Box 8345DPO AE 53747,Cyan,11.66,36.55,3.36,479.61,Classified,,,Military,24.105,1611.4896
davischristina@hotmail.com,"49352 Avila Terrace Suite 624Amandaland, GA 99736",SeaGreen,11.97,36.55,2.96,506.13,Amandaland,GA,99736,Standard,24.26,1498.1448
douglasdunlap@boone-rose.com,"093 Larson PortsWest Kathryn, OK 91243",Purple,11.8,36.32,2.08,319.93,Larson PortsWest Kathryn,OK,91243,Standard,24.06,665.4544
david28@wallace-hill.org,"43382 Heather MeadowsNew Lisaburgh, WI 19151-0302",LightBlue,12.68,35.62,3.68,528.31,Heather MeadowsNew Lisaburgh,WI,19151-0302,Standard,24.15,1944.1808
williammoore@rose.com,"686 Baker Fords Suite 893East John, IL 50171-9547",Brown,13.03,37.87,4.69,610.13,East John,IL,50171-9547,Standard,25.45,2861.5097
angela25@walker.com,"456 Eric ViewsNorth Amanda, MS 98876-3102",Chocolate,12.45,37.53,4.01,584.11,Eric ViewsNorth Amanda,MS,98876-3102,Standard,24.99,2342.2811
arice@reynolds.info,"740 Marshall SquaresDavidbury, AL 94251-0846",Thistle,12.24,37.28,2.53,466.42,Marshall SquaresDavidbury,AL,94251-0846,Standard,24.76,1180.0426
adam75@gmail.com,"9991 Macdonald SquaresVasquezborough, WY 73586-4597",Purple,10.97,36.61,2.87,404.82,Macdonald SquaresVasquezborough,WY,73586-4597,Standard,23.79,1161.8334
charlesgutierrez@hotmail.com,"363 Kathleen UnderpassAshleyside, PR 98964",MistyRose,13.67,36.9,3.52,564.79,Kathleen UnderpassAshleyside,PR,98964,Standard,25.285,1988.0608
codyandrews@hotmail.com,"63010 Reyes Creek Apt. 569West Catherinetown, MN 67491-6816",Indigo,13.39,37.19,4.07,596.52,West Catherinetown,MN,67491-6816,Standard,25.29,2427.8364
wheelernancy@hernandez.com,"66340 Michael Lane Suite 878West Brian, LA 69137-1147",Gold,12.97,38.3,1.2,368.65,West Brian,LA,69137-1147,Standard,25.635,442.38
drew27@ryan-thompson.com,"4475 Lopez Stravenue Apt. 690Smithchester, NV 84347",PeachPuff,12.97,37.33,3.23,542.41,Smithchester,NV,84347,Standard,25.15,1751.9843
suzanne63@gmail.com,"229 Eric MountainsNew Caleb, PA 00396",LightSalmon,10.73,36.15,4.09,478.26,Eric MountainsNew Caleb,PA,396,Standard,23.44,1956.0834
mitchellscott@gmail.com,"3976 Tom Streets Suite 438Port Davidtown, AL 55334-2369",DarkOrange,10.95,37.65,4.02,473.36,Port Davidtown,AL,55334-2369,Standard,24.3,1902.9072
laurajimenez@gmail.com,"06103 Erik Fields Suite 781Jonesmouth, GA 49931-3078",SlateBlue,12.61,37.23,4.21,559.2,Jonesmouth,GA,49931-3078,Standard,24.92,2354.232
rogersheather@hamilton-jensen.org,"510 Michele PortEast Angela, HI 23618",MintCream,13.04,36.31,2.02,447.19,Michele PortEast Angela,HI,23618,Standard,24.675,903.3238
ievans@hotmail.com,"2064 Poole GrovesNorth Chrisland, SC 78169",NavajoWhite,11,38.44,4.24,505.23,Poole GrovesNorth Chrisland,SC,78169,Standard,24.72,2142.1752
john85@rodriguez.info,"57120 Frank KeysJerryborough, DC 81028-0939",Tomato,13.28,37.39,4.63,557.25,Frank KeysJerryborough,DC,81028-0939,Standard,25.335,2580.0675
phillipsmark@byrd.net,"6734 Perez Trafficway Suite 395Nunezland, NC 83245",DarkSeaGreen,10.63,38.04,3,422.37,Nunezland,NC,83245,Standard,24.335,1267.11
elizabeth61@berg-braun.com,"649 King ExtensionNorth April, NY 54175",Lavender,13.19,35.92,1.82,445.06,King ExtensionNorth April,NY,54175,Standard,24.555,810.0092
dbenson@simpson.net,"732 Heather PlaceNorth Michael, VT 92527",DodgerBlue,11.35,37.09,4.08,442.06,Heather PlaceNorth Michael,VT,92527,Standard,24.22,1803.6048
stephaniehill@hotmail.com,"8248 Parker Overpass Apt. 024Lake Pamela, WY 44322-1735",Wheat,12.95,37.11,3.69,533.04,Lake Pamela,WY,44322-1735,Standard,25.03,1966.9176
davisbriana@gmail.com,"15298 Erickson Shore Apt. 056South Patrickfort, MD 16503-3145",MediumVioletRed,11.74,37.94,2.19,424.2,South Patrickfort,MD,16503-3145,Standard,24.84,928.998
kday@gmail.com,"4835 Jessica Walk Suite 205West Jacob, NH 93681",Magenta,11.89,35.86,3.21,498.64,West Jacob,NH,93681,Standard,23.875,1600.6344
jonathanconner@morales.biz,"920 Anderson ExtensionsGreenfurt, GA 19316-3498",SeaShell,10.76,36.6,1.98,330.59,Anderson ExtensionsGreenfurt,GA,19316-3498,Standard,23.68,654.5682
anneingram@miller-alexander.com,"4301 Park Lake Apt. 158Spencertown, SD 45934",HoneyDew,11.61,39.25,3.35,443.44,Spencertown,SD,45934,Standard,25.43,1485.524
jeffery48@mcguire.com,"52326 Townsend CentersLake Williamburgh, NJ 70568-7463",LightCyan,11.98,38.27,3.53,478.6,Townsend CentersLake Williamburgh,NJ,70568-7463,Standard,25.125,1689.458
theresamitchell@martin-chambers.biz,"157 Linda RoadsNew Jimmyshire, MH 51942",Khaki,12.46,37.43,2.97,440,Linda RoadsNew Jimmyshire,MH,51942,Standard,24.945,1306.8
christianwade@butler.info,"3687 Sarah Ranch Suite 919Gainesfort, AK 05665",Crimson,10.08,38.07,2.62,357.78,Gainesfort,AK,5665,Standard,24.075,937.3836
tina16@santiago.com,"314 Kidd RunJohnfort, KS 46546-2732",White,12.59,37.33,2.8,476.14,Kidd RunJohnfort,KS,46546-2732,Standard,24.96,1333.192
vancealicia@hotmail.com,"06307 Scott Spurs Suite 161Jessicaburgh, NH 26093-5908",RoyalBlue,14.29,36.77,2.96,501.12,Jessicaburgh,NH,26093-5908,Standard,25.53,1483.3152
dbell@hotmail.com,"3485 Anthony Street Apt. 119Mikeberg, FL 32602",DarkViolet,11.92,37.77,4.35,592.69,Mikeberg,FL,32602,Standard,24.845,2578.2015
pamelahampton@martin-cobb.com,"91542 Jessica Springs Suite 255Thomashaven, MT 39239-3790",DarkSeaGreen,11.41,35.78,3.87,486.08,Thomashaven,MT,39239-3790,Standard,23.595,1881.1296
mark81@wagner.com,"410 Gonzalez Corners Apt. 187East Stephenport, VT 22771",Navy,12.82,37.96,4.62,576.03,East Stephenport,VT,22771,Standard,25.39,2661.2586
awerner@manning.com,"407 Blake WaysPort Davidland, WA 78438",Gray,11.67,37.84,2.73,442.72,Blake WaysPort Davidland,WA,78438,Standard,24.755,1208.6256
robertramirez@kaiser.com,"1583 Anderson CovesEast Rebecca, NH 27212",Purple,10.61,37.98,3.54,461.79,Anderson CovesEast Rebecca,NH,27212,Standard,24.295,1634.7366
justin26@gmail.com,"32303 Baldwin CausewaySouth Robertside, HI 58126",RosyBrown,12.51,35.82,3.13,488.39,Baldwin CausewaySouth Robertside,HI,58126,Standard,24.165,1528.6607
douglas95@yahoo.com,"395 Summers Courts Apt. 413Coopermouth, IA 21205-1079",White,11.3,37.83,5.14,593.16,Coopermouth,IA,21205-1079,Standard,24.565,3048.8424
qmorse@yahoo.com,"0360 Pearson Dam Suite 263Lake Shawn, UT 65986-4190",MediumTurquoise,10.89,34.9,3.13,392.81,Lake Shawn,UT,65986-4190,Standard,22.895,1229.4953
jason50@bates.net,"74839 Michael Plains Suite 356South Austinshire, ND 40309-1424",Bisque,12.1,36.38,3.18,443.2,South Austinshire,ND,40309-1424,Standard,24.24,1409.376
qeaton@savage.com,"27032 Michelle ForestMorrowtown, ND 14749",SaddleBrown,12.69,37.33,3.83,535.48,Michelle ForestMorrowtown,ND,14749,Standard,25.01,2050.8884
tluna@hotmail.com,"01512 Hendricks RueEast Pamela, PR 46481",YellowGreen,11.39,38.2,4.81,533.4,Hendricks RueEast Pamela,PR,46481,Standard,24.795,2565.654
kara33@gmail.com,"5527 Hogan RoadSouth Jeffreychester, MA 28632",LavenderBlush,10.73,36.88,4.05,532.13,Hogan RoadSouth Jeffreychester,MA,28632,Standard,23.805,2155.1265
thomas22@yahoo.com,"7346 Jennifer Green Suite 148Wagnertown, MT 65972",IndianRed,11.94,35.9,4.54,558.95,Wagnertown,MT,65972,Standard,23.92,2537.633
david47@hotmail.com,"37216 Krista DrivesWest Andrew, DE 70036",DarkKhaki,12.72,35.13,3.48,508.77,Krista DrivesWest Andrew,DE,70036,Standard,23.925,1770.5196
beasleyjoseph@hotmail.com,"1094 Bentley ForgesLake Antonio, MA 29181-3664",SaddleBrown,10.97,35.97,2.63,403.77,Bentley ForgesLake Antonio,MA,29181-3664,Standard,23.47,1061.9151
hoffmandaniel@yahoo.com,"922 Hampton Path Suite 198Port Jasonmouth, FL 46623",Orchid,13.42,37.76,4.79,640.58,Port Jasonmouth,FL,46623,Standard,25.59,3068.3782
garnerjustin@king.com,"0833 Brian Canyon Suite 566Anthonymouth, VT 01329-7541",DarkCyan,11.85,37.49,2.76,461.63,Anthonymouth,VT,01329-7541,Standard,24.67,1274.0988
francesjohnson@lee.com,"577 Peters TurnpikeLoriport, MA 60572-1669",Aquamarine,11.92,35.72,2.16,382.42,Peters TurnpikeLoriport,MA,60572-1669,Standard,23.82,826.0272
awu@robinson.org,"0281 Dale Wells Suite 656East Joshua, ME 73389",Brown,13.15,37.65,4.2,561.87,East Joshua,ME,73389,Standard,25.4,2359.854
xevans@hotmail.com,"13164 Miller CampSouth Deannaberg, ID 85433",DarkMagenta,12.69,36.05,2.14,444.58,Miller CampSouth Deannaberg,ID,85433,Standard,24.37,951.4012
lauriewilson@jackson.com,"389 Joshua Stravenue Apt. 983Martinezland, MN 29049",Cornsilk,10.35,39.05,3.43,401.03,Martinezland,MN,29049,Standard,24.7,1375.5329
cruiz@yahoo.com,"497 Julian Brook Suite 872Hillberg, FM 87927-5760",LightSalmon,9.32,36.91,2.87,384.33,Hillberg,FM,87927-5760,Standard,23.115,1103.0271
tammy12@gmail.com,"78297 Brown Street Apt. 786East Taylorfurt, AK 97246",Chocolate,12.58,35.44,3.14,527.78,East Taylorfurt,AK,97246,Standard,24.01,1657.2292
adamperkins@terrell.com,"2595 James Creek Apt. 571Millerberg, HI 82236",PaleVioletRed,11.76,37.92,3.53,482.14,Millerberg,HI,82236,Standard,24.84,1701.9542
willie26@johnson-howard.com,"97686 Robertson Cape Suite 607Port Veronicaside, NE 47293",Wheat,12.64,38,5.04,594.27,Port Veronicaside,NE,47293,Standard,25.32,2995.1208
yvaughn@meyer.com,"9863 Dawn Court Suite 429Lake Connie, MI 12238",OldLace,11.83,36.84,3.61,502.09,Lake Connie,MI,12238,Standard,24.335,1812.5449
carolfarley@gmail.com,"51173 Curtis Cliff Apt. 727Ramoston, DE 32714-4579",SlateBlue,10.44,35.94,2.9,407.66,Ramoston,DE,32714-4579,Standard,23.19,1182.214
rhonda01@gmail.com,"939 Watson RunStaceyberg, VT 58376-0454",Orchid,12.73,36.23,5.71,708.94,Watson RunStaceyberg,VT,58376-0454,Standard,24.48,4048.0474
david80@knight.com,"368 Morris Ports Apt. 735New Lisaville, GA 34271-8632",MediumAquaMarine,9.48,37.91,5.05,531.96,New Lisaville,GA,34271-8632,Standard,23.695,2686.398
aaron04@yahoo.com,"16338 Scott Corner Suite 727West Alexandra, AR 54429",SeaGreen,10.16,37.76,4.78,521.24,West Alexandra,AR,54429,Standard,23.96,2491.5272
kaylahenderson@hotmail.com,Unit 1609 Box 3480DPO AA 95185,MediumSpringGreen,11.61,38.11,2.97,447.37,Classified,,,Military,24.86,1328.6889
mholt@hotmail.com,"486 Adams HillsNorth Walter, MS 18124",LightSeaGreen,11.27,36.96,2.67,385.15,Adams HillsNorth Walter,MS,18124,Standard,24.115,1028.3505
tanya20@gmail.com,"69279 Stewart MountainsSouth Pamela, KS 22541-3414",DarkKhaki,11.16,37.09,3.62,430.59,Stewart MountainsSouth Pamela,KS,22541-3414,Standard,24.125,1558.7358
aaron89@gmail.com,"0128 Sampson Loop Suite 943Hoffmanton, MO 02122",SaddleBrown,10.1,38.04,4.24,418.6,Hoffmanton,MO,2122,Standard,24.07,1774.864
hunterlucas@gmail.com,"89301 Kylie CrossroadPetersonberg, MH 23834",Turquoise,12.76,36.91,2.48,478.95,Kylie CrossroadPetersonberg,MH,23834,Standard,24.835,1187.796
sfarley@jones.com,"0554 Powers CurveNathanchester, FL 06878-6336",AntiqueWhite,12.06,37.69,3.51,483.8,Powers CurveNathanchester,FL,06878-6336,Standard,24.875,1698.138
sarahtran@dixon.com,"770 Katie Walk Apt. 585Port David, MN 52850",GoldenRod,11.94,35.78,3.31,538.94,Port David,MN,52850,Standard,23.86,1783.8914
randywhite@armstrong.biz,"0506 Pitts ForksWoodsbury, AL 98082-8186",Teal,12.45,36.67,3.54,486.16,Pitts ForksWoodsbury,AL,98082-8186,Standard,24.56,1721.0064
tsmith@yahoo.com,"92028 Thomas Mountains Suite 044New Matthew, MI 02429-0994",Bisque,12.28,38.3,1.13,385.1,New Matthew,MI,02429-0994,Standard,25.29,435.163
martinezleah@carter.com,"8456 Joseph Locks Suite 926Christopherport, TN 57784",PaleGreen,12.78,35.55,3.23,527.78,Christopherport,TN,57784,Standard,24.165,1704.7294
steven00@combs.com,"64460 Morris FordsGonzalesmouth, MI 40832",RosyBrown,12.96,37.95,3.35,547.19,Morris FordsGonzalesmouth,MI,40832,Standard,25.455,1833.0865
blakekent@smith-pena.com,"3933 Brooke PointJohnsonburgh, DE 22659-3488",Crimson,9.95,37.35,3.22,410.6,Brooke PointJohnsonburgh,DE,22659-3488,Standard,23.65,1322.132
amanda03@yahoo.com,"313 Lisa Loop Apt. 543North Jenniferchester, MN 58819",Brown,13.13,35.43,3.79,583.98,North Jenniferchester,MN,58819,Standard,24.28,2213.2842
brandonsmith@yahoo.com,"62106 Nathan Mountain Suite 505North Matthewborough, AZ 32092-6122",Gold,11.52,36.19,3.56,474.53,North Matthewborough,AZ,32092-6122,Standard,23.855,1689.3268
thardy@perry.com,"39209 Cooper Neck Apt. 541Tylermouth, ME 94450",SeaGreen,10.97,34.57,2.93,414.94,Tylermouth,ME,94450,Standard,22.77,1215.7742
michael86@yahoo.com,"87270 Garrett Cliffs Suite 361Brooksberg, MO 26555-2502",LightYellow,13.53,38.95,3.05,550.81,Brooksberg,MO,26555-2502,Standard,26.24,1679.9705
ulee@wells.com,"309 Singleton HollowMatthewhaven, NJ 68776-7477",LemonChiffon,12.04,34.49,2.74,458.78,Singleton HollowMatthewhaven,NJ,68776-7477,Standard,23.265,1257.0572
judithsmith@jimenez.biz,"186 Anthony RouteGordonview, AS 78120-4633",DarkOrange,10.94,36.17,2.78,407.54,Anthony RouteGordonview,AS,78120-4633,Standard,23.555,1132.9612
nblack@smith-romero.biz,"00615 Tracy IslandsNew Marcfort, MO 87297-7431",LightCyan,12.66,37.03,4.33,581.31,Tracy IslandsNew Marcfort,MO,87297-7431,Standard,24.845,2517.0723
michaelcampbell@yahoo.com,"96480 White Lane Suite 521Pattersonhaven, OR 39409-4561",Gray,11.73,36.88,3.42,546.56,Pattersonhaven,OR,39409-4561,Standard,24.305,1869.2352
rcarter@crane-thompson.org,"14064 Frazier Hills Apt. 176Amyborough, MP 77858-0018",MediumVioletRed,11.92,37.32,3.34,503.18,Amyborough,MP,77858-0018,Standard,24.62,1680.6212
dwhite@gmail.com,"02136 White Grove Suite 418Marytown, DE 70033",OrangeRed,11.51,37.13,4.66,549.13,Marytown,DE,70033,Standard,24.32,2558.9458
vancemichelle@gmail.com,"6586 Reginald Crest Apt. 061North Josephfort, NM 55275",DeepPink,12.42,36.16,3.22,482.83,North Josephfort,NM,55275,Standard,24.29,1554.7126
kylemelendez@hotmail.com,"2749 Cunningham Flat Apt. 838Derekberg, OH 45288",DeepPink,13.89,38.38,3.77,557.61,Derekberg,OH,45288,Standard,26.135,2102.1897
richard35@hale-duncan.net,"33940 Craig Throughway Apt. 334Martinview, IL 62015-0314",GhostWhite,12.85,37.87,3.42,484.88,Martinview,IL,62015-0314,Standard,25.36,1658.2896
waltonkaren@gmail.com,"355 Villegas Isle Apt. 070West Jenniferview, NM 26775-4339",Green,10.89,35.57,6.12,669.99,West Jenniferview,NM,26775-4339,Standard,23.23,4100.3388
contrerastiffany@gmail.com,"439 Todd Summit Apt. 478Mooreland, AR 31655",CadetBlue,12.91,36.05,3.49,547.71,Mooreland,AR,31655,Standard,24.48,1911.5079
rogerstiffany@wilson-horne.com,"30700 Justin PortsPort David, PA 52171-5921",DarkOliveGreen,11.57,38.92,4.08,537.83,Justin PortsPort David,PA,52171-5921,Standard,25.245,2194.3464
waltercharles@sanders.net,"291 Stephen Glens Apt. 532Jacquelineton, NJ 53606-5656",IndianRed,11.97,37.2,2.83,408.22,Jacquelineton,NJ,53606-5656,Standard,24.585,1155.2626
john96@chan-anderson.biz,"04290 Barron SquareLaurenmouth, AS 79917-9544",Snow,13.08,37.33,5.41,663.07,Barron SquareLaurenmouth,AS,79917-9544,Standard,25.205,3587.2087
bushsharon@barber.com,"0013 Andre FieldWhitebury, AZ 68447-6306",DarkSeaGreen,11.96,36.52,3.45,506.38,Andre FieldWhitebury,AZ,68447-6306,Standard,24.24,1747.011
nicolegay@jennings.com,"50718 Timothy LightGarciaport, SC 60266-6696",BlueViolet,13.25,37.31,2.94,528.42,Timothy LightGarciaport,SC,60266-6696,Standard,25.28,1553.5548
rchambers@hotmail.com,"53964 Weaver Brook Suite 861Stevensonshire, NY 18128",OliveDrab,13.09,38.32,4.75,632.12,Stevensonshire,NY,18128,Standard,25.705,3002.57
gomezalicia@hotmail.com,"506 Allison Cove Apt. 766Weeksstad, AS 71308",MediumSpringGreen,12.53,36.69,3.53,488.27,Weeksstad,AS,71308,Standard,24.61,1723.5931
potterkenneth@strickland.com,"2559 Harris Pines Apt. 514Michaelshire, ME 21753-8834",MediumSlateBlue,11.24,37.05,3.9,508.74,Michaelshire,ME,21753-8834,Standard,24.145,1984.086
charlesjackson@brady-fuller.net,"3802 Veronica CausewayEast Patrickfurt, DC 84522",GhostWhite,12.07,35.57,2.4,411.19,Veronica CausewayEast Patrickfurt,DC,84522,Standard,23.82,986.856
jacquelinewest@pace-herrera.com,"592 Villanueva VillageWoodsstad, AK 20530",Purple,12.05,38.51,2.85,409.09,Villanueva VillageWoodsstad,AK,20530,Standard,25.28,1165.9065
stevenjohnson@yahoo.com,"PSC 4427, Box 6116APO AP 87584-5187",SandyBrown,11.23,37,3.78,467.8,Classified,,,Military,24.115,1768.284
johnsonchelsea@gmail.com,"19270 Velasquez CovesBoylechester, AZ 51480",LightCyan,11.91,35.19,4.35,512.17,Velasquez CovesBoylechester,AZ,51480,Standard,23.55,2227.9395
jenniferjenkins@jones.com,USNS JacobsFPO AE 71507-1312,LightSalmon,13.05,38.78,4.57,608.27,Classified,,,Military,25.915,2779.7939
ebutler@rogers-gonzalez.com,"001 Estrada UnionLewismouth, TN 47360",Chartreuse,13,36.99,4.62,589.03,Estrada UnionLewismouth,TN,47360,Standard,24.995,2721.3186
ellenlucas@cox.org,"86268 Davis CornerNorth Danielview, CT 59551-9382",DarkGoldenRod,11.52,35.94,3.01,444.05,Davis CornerNorth Danielview,CT,59551-9382,Standard,23.73,1336.5905
elizabethnunez@vasquez-nelson.net,"209 Andrew ViaductPort Anna, OR 01627-8037",Cornsilk,10.31,36.73,4.79,493.18,Andrew ViaductPort Anna,OR,01627-8037,Standard,23.52,2362.3322
ramirezjacob@turner.com,"19704 Kaitlin FlatWest Andrewtown, VI 38642",Magenta,12.43,37.63,4.33,532.72,Kaitlin FlatWest Andrewtown,VI,38642,Standard,25.03,2306.6776
brian51@cook.info,"0508 Terrance CliffRebekahtown, NC 48724-8308",SaddleBrown,10.75,38.79,1.43,275.92,Terrance CliffRebekahtown,NC,48724-8308,Standard,24.77,394.5656
victoriajohnson@gmail.com,"2082 Christopher Place Apt. 081Cynthiahaven, HI 99393-8910",DarkViolet,11.02,37.64,4.14,511.04,Cynthiahaven,HI,99393-8910,Standard,24.33,2115.7056
lawrencewalton@hotmail.com,"584 Patterson FallsWest Alicia, DE 45751",Chocolate,12.22,36.95,2.91,438.42,Patterson FallsWest Alicia,DE,45751,Standard,24.585,1275.8022
ashleymoreno@gmail.com,"11430 Meza Green Suite 037Martinezborough, FL 40624-8726",DarkViolet,12.33,37.07,3.98,475.73,Martinezborough,FL,40624-8726,Standard,24.7,1893.4054
wesleyvance@moore.com,"210 Johnson Street Suite 717New Bethanyborough, MO 84817",Magenta,10.81,36.01,3.7,483.54,New Bethanyborough,MO,84817,Standard,23.41,1789.098
edwardbrown@yahoo.com,"2971 Angela IslandLake Timothychester, NE 48734-6685",HotPink,12.14,37.14,5.84,663.8,Angela IslandLake Timothychester,NE,48734-6685,Standard,24.64,3876.592
youngellen@hotmail.com,"994 Joel Highway Suite 216New Jessicafort, UT 14179",DodgerBlue,12.94,36.73,4.56,544.41,New Jessicafort,UT,14179,Standard,24.835,2482.5096
robin80@yahoo.com,"928 Bailey RoadEast Mary, DE 11678-5634",Turquoise,13.3,36.39,4.49,630.16,Bailey RoadEast Mary,DE,11678-5634,Standard,24.845,2829.4184
dana59@hotmail.com,"31927 Jill MountainSouth Jessica, MN 63418",Blue,10.4,36.68,3.86,461.11,Jill MountainSouth Jessica,MN,63418,Standard,23.54,1779.8846
bwilliams@hotmail.com,"1549 Walker Passage Apt. 463West Calvin, AZ 03144",PaleVioletRed,11.89,37.86,3.05,491.91,West Calvin,AZ,3144,Standard,24.875,1500.3255
whitetyler@anderson-avery.com,"4547 Stafford Throughway Apt. 178North Patrick, MD 60768-4837",MidnightBlue,11.59,36.46,4.65,574.42,North Patrick,MD,60768-4837,Standard,24.025,2671.053
rwilliams@trujillo.biz,"54560 Thompson Creek Apt. 029New Brianville, FL 84430-8588",BlanchedAlmond,13.27,37.24,4.02,530.77,New Brianville,FL,84430-8588,Standard,25.255,2133.6954
randall85@williams.com,"5086 Morales Islands Apt. 099New Patricia, IL 78823",Black,12.99,39.67,3.97,581.8,New Patricia,IL,78823,Standard,26.33,2309.746
kevin45@mathews.net,"02393 Baker FallsNew Georgeport, ND 36338-5110",DodgerBlue,14.04,37.02,3.74,556.3,Baker FallsNew Georgeport,ND,36338-5110,Standard,25.53,2080.562
deborah48@white.com,"1693 Gary Mission Suite 479Lake Kelly, MO 68205",DarkGreen,11.91,38.42,3.38,502.13,Lake Kelly,MO,68205,Standard,25.165,1697.1994
hoganrichard@george.com,"4929 Michelle GroveLake Alexis, MT 92147-1660",BlanchedAlmond,11.14,38.4,4.6,556.19,Michelle GroveLake Alexis,MT,92147-1660,Standard,24.77,2558.474
kelly24@lewis.info,"983 Ross GlenWest Jessica, NJ 42860-5757",Bisque,12.9,36.61,2.22,475.07,Ross GlenWest Jessica,NJ,42860-5757,Standard,24.755,1054.6554
katherinegray@yahoo.com,"685 Sexton Ranch Suite 125Lake Robertshire, NE 04469-3024",Cyan,12.39,35.63,4.29,486.95,Lake Robertshire,NE,04469-3024,Standard,24.01,2089.0155
efoster@williamson-boyd.org,"4968 Bennett ManorsRogerschester, IL 81579-8333",Lavender,11.82,36.31,2.12,434.14,Bennett ManorsRogerschester,IL,81579-8333,Standard,24.065,920.3768
jordandavid@gmail.com,"61502 Parker Vista Apt. 363Jonesshire, GU 33532",Violet,10.99,36.35,0.94,304.14,Jonesshire,GU,33532,Standard,23.67,285.8916
sanchezamber@scott-patterson.com,"257 Hunt ManorsSouth Charlottefort, CT 15033",Fuchsia,14.13,37.02,3.76,571.22,Hunt ManorsSouth Charlottefort,CT,15033,Standard,25.575,2147.7872
tinayoung@hotmail.com,"83995 Owens Course Apt. 747South Jennifer, NJ 29942",MistyRose,11.91,36.09,4,583.08,South Jennifer,NJ,29942,Standard,24,2332.32
alicia28@fuller.com,"8055 Robinson Brooks Apt. 657Walterview, KY 83019",CadetBlue,11.48,39.24,3.53,445.75,Walterview,KY,83019,Standard,25.36,1573.4975
rileyalejandro@gmail.com,Unit 1475 Box 4215DPO AE 39546-5591,LightSteelBlue,10.05,37.18,3.54,392.99,Classified,,,Military,23.615,1391.1846
oliviamarshall@sawyer-sellers.com,Unit 5934 Box 9748DPO AA 37361-3043,Brown,12.43,37.31,4.16,565.99,Classified,,,Military,24.87,2354.5184
hortonrobert@hotmail.com,"31309 Stacey Keys Apt. 979South Jason, KS 35357",Salmon,11.97,36.83,3.55,499.14,South Jason,KS,35357,Standard,24.4,1771.947
montgomerycheyenne@hotmail.com,"1812 Sandra Shoal Apt. 350Amandamouth, SC 87794-1628",FireBrick,11.12,36.98,4.13,510.54,Amandamouth,SC,87794-1628,Standard,24.05,2108.5302
martinkristi@sanchez-coleman.com,"PSC 1893, Box 7023APO AA 73445",Lime,8.67,35.91,2.25,308.53,Classified,,,Military,22.29,694.1925
jefferycampbell@gmail.com,"381 Ashley Locks Suite 366North Migueltown, TX 09795-0494",GreenYellow,12.5,37.65,4.05,561.52,North Migueltown,TX,09795-0494,Standard,25.075,2274.156
webertom@phelps.com,"189 Crawford Hill Apt. 746New Madison, WV 14108-4333",DarkOrchid,12.13,35.46,3.07,423.47,New Madison,WV,14108-4333,Standard,23.795,1300.0529
aschmidt@johnson.biz,Unit 1743 Box 8085DPO AE 47693-8164,Blue,11.73,35.63,4.33,513.15,Classified,,,Military,23.68,2221.9395
lisadelgado@gmail.com,"57993 Jennifer Unions Suite 685Emilyville, OK 53366-2375",Olive,11.95,36.49,3.94,529.19,Emilyville,OK,53366-2375,Standard,24.22,2085.0086
sharongraves@yahoo.com,"73098 Ronald PortCliffordborough, MO 37479-9244",Wheat,12.56,37.81,0.27,314.44,Ronald PortCliffordborough,MO,37479-9244,Standard,25.185,84.8988
flevine@gmail.com,"5292 Melanie Crescent Apt. 064Fischerborough, NV 85721-5045",AliceBlue,12.48,37.68,3.28,478.58,Fischerborough,NV,85721-5045,Standard,25.08,1569.7424
rskinner@johnson-jefferson.com,"24725 Neal LockCynthiaville, NY 51578",OliveDrab,12.59,37.68,2.57,444.58,Neal LockCynthiaville,NY,51578,Standard,25.135,1142.5706
kiarakim@harris.org,"1502 Gonzalez ThroughwayKathrynchester, FM 86014-7194",Linen,10.95,37.65,3.83,475.02,Gonzalez ThroughwayKathrynchester,FM,86014-7194,Standard,24.3,1819.3266
rachelrodriguez@lara-waters.com,"35466 Tommy StreamPort Daniellemouth, KS 68863-6330",LightSlateGray,11.48,36.84,2.4,436.72,Tommy StreamPort Daniellemouth,KS,68863-6330,Standard,24.16,1048.128
dbrown@gmail.com,"76666 Kathy LocksPort Susan, ME 64335",Indigo,11.12,36.81,4.03,521.2,Kathy LocksPort Susan,ME,64335,Standard,23.965,2100.436
mary45@gmail.com,"33213 Tanner Knolls Apt. 519Whiteborough, OR 37119-7790",Lime,10.97,37.72,3.63,478.18,Whiteborough,OR,37119-7790,Standard,24.345,1735.7934
marcusleach@floyd.org,Unit 3998 Box 4348DPO AA 37629,SteelBlue,11.59,36.32,3.19,432.48,Classified,,,Military,23.955,1379.6112
lmunoz@yahoo.com,"2100 Austin Camp Apt. 943Anthonymouth, WV 24243-3781",Olive,10.71,35.77,3.39,438.3,Anthonymouth,WV,24243-3781,Standard,23.24,1485.837
dvasquez@wiley.com,"967 Chloe Springs Suite 554Lake Ashley, GA 03230",HoneyDew,11.08,34.78,2.57,388.94,Lake Ashley,GA,3230,Standard,22.93,999.5758
dylanmartin@hotmail.com,"42644 Helen Keys Apt. 103Jessicahaven, KS 89406-1960",MidnightBlue,12.95,37.03,3.47,534.77,Jessicahaven,KS,89406-1960,Standard,24.99,1855.6519
xkaufman@gmail.com,"02342 Melissa IslandsSmithhaven, KS 68335",DarkViolet,10.57,36.86,4.2,537.92,Melissa IslandsSmithhaven,KS,68335,Standard,23.715,2259.264
jasonhensley@yahoo.com,"97262 Brian SkywayLake Marissa, GU 96859",Sienna,11.66,37.43,2.09,407.88,Brian SkywayLake Marissa,GU,96859,Standard,24.545,852.4692
gstrong@hotmail.com,"7875 Landry Road Apt. 947Brownshire, NC 10074-7735",Pink,13.59,36.84,3.61,618.85,Brownshire,NC,10074-7735,Standard,25.215,2234.0485
arnoldsamuel@wilson.com,"949 Tapia ViaductMartinezfurt, CT 79271-8205",LightSkyBlue,11.37,35.26,4.03,502.77,Tapia ViaductMartinezfurt,CT,79271-8205,Standard,23.315,2026.1631
scottrose@yahoo.com,"50639 Sarah Isle Apt. 268Yangmouth, MO 05540",SaddleBrown,11.23,37.21,2.32,397.42,Yangmouth,MO,5540,Standard,24.22,922.0144
salazarkaren@hotmail.com,"51173 Burton Wall Apt. 417Prestonville, NY 37002",SteelBlue,10.29,36.93,3.49,392.29,Prestonville,NY,37002,Standard,23.61,1369.0921
susanibarra@yahoo.com,"426 Scott Radial Apt. 065Abigailstad, MS 16590-2222",Thistle,14.12,38.41,5.32,689.24,Abigailstad,MS,16590-2222,Standard,26.265,3666.7568
nhenry@hotmail.com,"3874 Harper PlazaNorth Nancy, ME 96802-9462",BlanchedAlmond,12.42,37.67,3.13,543.13,Harper PlazaNorth Nancy,ME,96802-9462,Standard,25.045,1699.9969
millerrachel@gallagher-nichols.com,Unit 4742 Box 9517DPO AE 67219-3123,Turquoise,10.77,34.65,4.99,577.74,Classified,,,Military,22.71,2882.9226
garciakevin@gmail.com,"845 Colleen WaysLake Matthewview, VT 65340-3159",Orange,12.66,36.37,1.73,436.58,Colleen WaysLake Matthewview,VT,65340-3159,Standard,24.515,755.2834
philliproberson@yahoo.com,Unit 0373 Box 8981DPO AA 89902,Beige,12.67,37.49,3.7,553.99,Classified,,,Military,25.08,2049.763
kstafford@estes-nguyen.com,"PSC 4856, Box 1297APO AA 17032-7944",YellowGreen,13.97,36.67,1.79,427.36,Classified,,,Military,25.32,764.9744
kennethperry@bowen.org,"272 Frederick LodgeEast Andrew, FL 07414",SlateGray,11.51,36.6,3.02,424.73,Frederick LodgeEast Andrew,FL,7414,Standard,24.055,1282.6846
prussell@lopez.com,"9985 Wolf PassBrandimouth, CA 63346",Bisque,11.41,36.38,4.04,541.05,Wolf PassBrandimouth,CA,63346,Standard,23.895,2185.842
mosleyjacob@yahoo.com,"PSC 1790, Box 8872APO AE 01821-4769",Orange,12.26,38.86,3.14,469.38,Classified,,,Military,25.56,1473.8532
rhaas@yahoo.com,"4502 Jennifer Prairie Suite 029Lake Jesse, LA 02328-3633",DimGray,12.71,36.17,2.56,444.55,Lake Jesse,LA,02328-3633,Standard,24.44,1138.048
antonioharris@hotmail.com,"4307 Nicholas Drive Apt. 259Ramirezberg, AS 59832",MediumBlue,13.47,37.07,2.38,492.56,Ramirezberg,AS,59832,Standard,25.27,1172.2928
austinthomas@gmail.com,"5855 Gross Burgs Suite 169Ballland, AS 98525",AntiqueWhite,11.19,36.3,4.3,535.32,Ballland,AS,98525,Standard,23.745,2301.876
bethsullivan@reed.net,"80500 Mary Corners Apt. 225Wallsville, ME 80526",Beige,11.25,38.68,2.09,408.96,Wallsville,ME,80526,Standard,24.965,854.7264
ncummings@yahoo.com,"344 Jessica StravenueNew Brian, MA 04730-6761",Beige,12.36,36.17,4.09,487.56,Jessica StravenueNew Brian,MA,04730-6761,Standard,24.265,1994.1204
hking@hotmail.com,"85181 Christian Courts Suite 758Larryfurt, MS 38722-6766",PeachPuff,11.76,36.88,3.52,487.65,Larryfurt,MS,38722-6766,Standard,24.32,1716.528
annstone@hotmail.com,"543 Reynolds BurgMelindaberg, KY 46631",LightPink,11.76,38.13,1.82,402.17,Reynolds BurgMelindaberg,KY,46631,Standard,24.945,731.9494
christopher44@hotmail.com,"549 Anna AvenuePort Laura, CA 76209-9339",WhiteSmoke,11.55,35.77,4.18,551.02,Anna AvenuePort Laura,CA,76209-9339,Standard,23.66,2303.2636
autumn88@mendoza-mills.com,"214 Obrien Lakes Suite 572South Jeremy, KS 52867-7617",MediumOrchid,12.48,35.54,3.39,497.39,South Jeremy,KS,52867-7617,Standard,24.01,1686.1521
dhudson@ramos.net,"5661 Grant CentersStevensfurt, CT 53959",Olive,11.73,36.07,4.43,494.64,Grant CentersStevensfurt,CT,53959,Standard,23.9,2191.2552
egomez@hotmail.com,"768 Riley Pine Apt. 624Kellymouth, OK 98992-3108",MistyRose,12.21,37.2,2.91,479.25,Kellymouth,OK,98992-3108,Standard,24.705,1394.6175
kimberlyruiz@smith-gordon.com,"503 Adams Pines Apt. 638North Ashleyside, AZ 34687-6128",DarkRed,11.9,36.87,2.78,462.66,North Ashleyside,AZ,34687-6128,Standard,24.385,1286.1948
mooremichelle@logan.com,"07813 Randy PointLake Thomasberg, MO 06013-9920",Pink,12.22,36.36,3.45,515.5,Randy PointLake Thomasberg,MO,06013-9920,Standard,24.29,1778.475
aaron22@gmail.com,"38678 Sean Drive Suite 293Karentown, IA 78306-2717",DarkGray,12.01,36.53,4.71,576.48,Karentown,IA,78306-2717,Standard,24.27,2715.2208
michelleshepherd@price.com,"6820 Erica Vista Apt. 418Brightside, IA 50639",Orchid,11.91,36.06,1.23,357.86,Brightside,IA,50639,Standard,23.985,440.1678
zscott@wright.com,"9909 Hoffman Ranch Suite 195Scotthaven, SC 53575",PeachPuff,12.13,38.19,4.02,597.74,Scotthaven,SC,53575,Standard,25.16,2402.9148
tracy79@wheeler.net,"513 Moore Crescent Apt. 416Amandaberg, GU 03655-2219",Magenta,11.31,37.13,1.71,327.38,Amandaberg,GU,03655-2219,Standard,24.22,559.8198
brian28@sanchez.org,"7446 Mary FerryLake Sherryfurt, GA 49066-0207",GhostWhite,11.61,37.68,3.16,510.4,Mary FerryLake Sherryfurt,GA,49066-0207,Standard,24.645,1612.864
leonardhancock@hotmail.com,"64147 Alexander Station Apt. 474East Jasonview, MN 83788",SeaShell,11.69,36.81,3.45,510.5,East Jasonview,MN,83788,Standard,24.25,1761.225
davidsonkathleen@gmail.com,"70128 Zimmerman OverpassRobertsshire, VA 59860",DarkBlue,11.2,37.84,2.21,403.82,Zimmerman OverpassRobertsshire,VA,59860,Standard,24.52,892.4422
nathan84@lowery.net,"01242 Stephanie Ways Suite 003Churchville, MO 35617",MediumSeaGreen,12.63,35.54,5.41,627.6,Churchville,MO,35617,Standard,24.085,3395.316
kellydeborah@chan.biz,"354 Sanchez Wall Suite 884Juliabury, VI 39735",DarkTurquoise,13.35,37.97,2.77,510.66,Juliabury,VI,39735,Standard,25.66,1414.5282
lewisjessica@craig-evans.com,"4483 Jones Motorway Suite 872Lake Jamiefurt, UT 75292",Tan,13.57,36.42,3.75,573.85,Lake Jamiefurt,UT,75292,Standard,24.995,2151.9375
katrina56@gmail.com,"172 Owen Divide Suite 497West Richard, CA 19320",PaleVioletRed,11.7,37.19,3.58,529.05,West Richard,CA,19320,Standard,24.445,1893.999
dale88@hotmail.com,"0787 Andrews Ranch Apt. 633South Chadburgh, TN 56128",Cornsilk,11.5,38.33,4.96,551.62,South Chadburgh,TN,56128,Standard,24.915,2736.0352
cwilson@hotmail.com,"680 Jennifer Lodge Apt. 808Brendachester, TX 05000-5873",Teal,12.39,36.84,2.34,456.47,Brendachester,TX,05000-5873,Standard,24.615,1068.1398
hannahwilson@davidson.com,"49791 Rachel Heights Apt. 898East Drewborough, OR 55919-9528",DarkMagenta,12.42,35.77,2.74,497.78,East Drewborough,OR,55919-9528,Standard,24.095,1363.9172
